Date,TEMP,TEMP.1,TEMP.2,TEMP.3,RNC Id,TEMP.4,CS Traffic (Erl),PS Traffic (GB),TU Traffic,Average HSPA Users,CS RRC Att,CS RRC Cong,CS RRC CR,PS RRC Att_HSDPA,PS RRC Cong,PS RRC CR,CS RAB Att,CS RAB Cong,CS RAB CR,PS RAB Att_HSDPA,PS RAB Cong,PS RAB CR,CS RRC Att.1,CS RRC Succ,CS NAS Att,CS NAS Succ,CS RAB Att.1,CS RAB Succ,CS CSSR,PS RRC Att_HSDPA.1,PS RRC Succ_HSDPA,PS NAS Att_HSDPA,PS NAS Succ_HSDPA,PS RAB Att_HSDPA.1,PS RAB Succ_HSDPA,PS CSSR_HSDPA,CS Call Att,CS Call Drop,CS CDR,PS Call Att_HSDPA,PS Call Drop_HSDPA,PS CDR_HSPDA,PS Call Att_R99,PS Call Drop_R99,PS CDR_R99,MultiRAB Call Att,MultiRAB Call Drop,CS CDR_MultiRAB,CS Soft HO Att,CS Soft HO Succ,CS Soft HOSR,PS Soft HO Att,PS Soft HO Succ,PS Soft HOSR,CS Hard HO Att,CS Hard HO Succ,CS Hard HOSR,PS Hard HO Att,PS Hard HO Succ,PS Hard HOSR,CS IRAT HO Att,CS IRAT HO Succ,CS InterRAT HOSR,PS IRAT HO Att,PS IRAT HO Succ,PS InterRAT HOSR,HSDPA User Throughput_Numerator,HSDPA User Throughput_Denominator,HSDPA User Throughput (Kbps),HSUPA User Throughput_Numerator,HSUPA User Throughput_Denominator,HSUPA User Throughput (Kbps),RTWP_Num,RTWP_Den,RTWP,pmCellDowntimeAuto,pmCellDowntimeMan,Cell Downtime 3G (s),Cell 3G Availibility (%),SHO OverHead_Num,SHO OverHead_Dem,SHO OverHead,DC_E_RAN_IUBEDCH.pmEdchDataFramesReceived,DC_E_RAN_IUBEDCH.pmEdchDataFramesLost,Packet Loss Rate
2025-07-16 00:00:00,0,0,0,0,HLRE01,0,2547.15277777778,19393.9976218262,#ERROR,3448.8056712963,227465,0,0,10144227,25,2.46445589200636e-06,237925,7,0.00294210360407691,10224404,0,0,227465,227209,254490,253984,237925,237643,99.5706939985953,10144227,10119242,10194761,10192967,10224404,10121593,98.7332563293518,237665,984,0.414028148864999,37807292,447073,1.18250468719103,36475173,220824,0.605409054536904,102109,382,0.374110019684847,30187141,30084059,99.6585234752771,6828164,6819888,99.8787961156176,1728,1696,98.1481481481482,17621,17254,97.917257817377,0,0,#DIV/0,0,0,#DIV/0,140985295372.0,55233570.338,2552.52909615013,18569863151.0,68364008.476,271.63215798733,-2187724959.3,20941134,-104.470223976409,1120418,6393648,7514066,99.4833545447838,2.96782720990695,2.08912692711184,1.42060646071414,51130846212,6894797,0.0135562254838755
2025-07-16 00:00:00,0,0,0,0,HLRE02,0,1431.31666666667,20715.2906524658,#ERROR,3414.56712962963,105653,0,0,10807331,9,8.32768053462969e-07,117806,2,0.00169770639865542,10567654,10,9.46283820420313e-05,105653,105526,128308,128098,117806,117726,99.6486076279255,10807331,10784222,10843629,10841628,10567654,10465382,98.8022233485232,117520,238,0.202518720217835,35547715,428012,1.20404926167547,39728862,255006,0.641865855608953,50311,78,0.155035678082328,22910043,22883548,99.8843520284969,5587655,5582185,99.9021056239156,703,680,96.728307254623,16256,15743,96.8442421259843,0,0,#DIV/0,0,0,#DIV/0,152182556904.0,57632950.162,2640.54775048356,18224337208.0,68714668.128,265.217568599068,-1727527956.5,16351273,-105.65097631848,1334816,20736106,22070922,99.2807607421202,3.39250269333799,2.44004374854414,1.39034502777343,51130846212,6894797,0.0135562254838755
2025-07-16 00:00:00,0,0,0,0,HLRE03,0,1832.79444444444,24006.8765853271,#ERROR,4080.82065972222,153337,0,0,11860658,365,3.07740093340521e-05,156699,14,0.00893432631988717,11951586,0,0,153337,153160,172701,172501,156699,156596,99.7033153607446,11860658,11836809,11903212,11900611,11951586,11775371,98.3059955458932,156359,421,0.269252169686427,40018628,460243,1.15007191151081,43603482,217680,0.499226185651871,61268,136,0.221975582685905,33311573,33254172,99.8276845107254,7963973,7953537,99.8689598771869,763,735,96.3302752293578,42772,42168,98.587861217619,0,0,#DIV/0,0,0,#DIV/0,174894564401.0,76964477.458,2272.40631233339,21997753862.0,95796533.568,229.629956770671,-2164542071.8,20488493,-105.646719443934,2562253,10886439,13448692,98.8269103631915,3.76134126395342,2.4907920063283,1.51009849654129,51130846212,6894797,0.0135562254838755
2025-07-16 00:00:00,0,0,0,0,HLRE04,0,2023.69583333333,17649.3432219238,#ERROR,2812.3652199074,1338517,10,0.000751862174641042,9116632,8,8.77517047962449e-07,1328849,3,0.00022575928491499,8789535,2,2.2754332282652e-05,1338517,1338389,1355928,1354451,1328849,1328751,99.8741524413464,9116632,9097809,9133141,9131549,8789535,8696082,98.7152860538472,1328697,132,0.00993454489624045,30520629,356314,1.16745300367171,34767887,205555,0.59122085848933,41921,41,0.0978030104243697,19676123,19658081,99.9083051066513,4805676,4801227,99.9074219735163,813,799,98.2779827798278,22558,22207,98.4440109938824,0,0,#DIV/0,0,0,#DIV/0,129317256906.0,44232050.856,2923.60978981056,15552863536.0,55814714.93,278.651670182417,-1783730938.3,16834824,-105.954831384041,1598376,10454419,12052795,99.1139979778629,2.75661820721178,1.99492339597088,1.38181657139281,51130846212,6894797,0.0135562254838755
2025-07-16 00:00:00,0,0,0,0,HLTBRE1,0,0.0,0.0,#ERROR,0.0,0,0,#DIV/0,0,0,#DIV/0,0,0,#DIV/0,0,0,#DIV/0,0,0,0,0,0,0,#DIV/0,0,0,0,0,0,0,#DIV/0,0,0,#DIV/0,0,0,#DIV/0,0,0,#DIV/0,0,0,#DIV/0,0,0,#DIV/0,0,0,#DIV/0,0,0,#DIV/0,0,0,#DIV/0,0,0,#DIV/0,0,0,#DIV/0,,,,,,,0.0,0,#DIV/0,86400,0,86400,0.0,0.0,0.0,#DIV/0,51130846212,6894797,0.0135562254838755
2025-07-17 00:00:00,0,0,0,0,HLRE01,0,2500.44444444444,19247.4700358887,#ERROR,3442.38113425926,226580,4,0.00186894054432893,10093480,146,1.44647832065848e-05,234795,26,0.0110734896398986,10220362,1,9.78438924179007e-06,226580,226316,257544,257086,234795,234636,99.6383389150254,10093480,10069279,10149269,10147569,10220362,10125185,98.8146611813776,234651,397,0.169187431547277,38185517,432077,1.1315206233819,36842189,218772,0.593808364644131,101232,167,0.164967599178126,30111638,30074042,99.8751446201631,6744829,6736799,99.8809458327261,1852,1801,97.2462203023758,16814,16394,97.5020815986678,0,0,#DIV/0,0,0,#DIV/0,140077180746.0,54202593.536,2584.32616610798,18350764625.0,67861089.488,270.41659312359,-2192789333.0,20999891,-104.419081651424,611480,6393611,7005091,99.718035266342,2.96428286352855,2.08558030012771,1.42132281521216,51171650776,4382483,0.00867094206473905
2025-07-17 00:00:00,0,0,0,0,HLRE02,0,1442.16111111111,20406.4057606201,#ERROR,3392.73002763605,113183,0,0,10705285,3,2.80235416432164e-07,123135,0,0,10530627,9,8.54649965286967e-05,113183,113030,135212,135030,123135,123078,99.6842333504354,10705285,10682502,10749544,10747436,10530627,10433941,98.851604176292,122921,223,0.181417333083851,35543930,418104,1.17630211403185,39642521,257840,0.650412722238326,50762,78,0.153658248295969,22378163,22354235,99.8930743332239,5370436,5365039,99.8995053660448,651,645,99.0783410138249,15819,15340,96.9719957013718,0,0,#DIV/0,0,0,#DIV/0,150039913819.0,57062292.918,2629.4056222839,17811567617.0,67399919.372,264.266897986817,-1728106477.6,16368190,-105.577127196104,1294282,20604221,21898503,99.3026016880474,3.36309158188546,2.42097809780978,1.38914581050031,51171650776,4382483,0.00867094206473905
2025-07-17 00:00:00,0,0,0,0,HLRE03,0,1789.4875,24740.2018382568,#ERROR,4241.08930129143,149463,0,0,12769941,274,2.14566378967608e-05,151993,1,0.000657925036021396,13173680,0,0,149463,149295,169074,168847,151993,151880,99.679325515545,12769941,12745400,12833954,12831254,13173680,12992879,98.4173092181931,151703,436,0.287403676921353,41687139,477076,1.14442010520319,44451586,218864,0.492364884348559,60370,150,0.248467782010933,33110250,33051808,99.8234927250625,7773466,7762939,99.8645777829349,751,746,99.3342210386152,40384,39824,98.6133122028526,0,0,#DIV/0,0,0,#DIV/0,181593465154.0,81306036.142,2233.45613401752,22797118689.0,97202446.166,234.532355801701,-2159477311.6,20451327,-105.591060746327,2059197,10880924,12940121,99.0572271119023,3.86471025540503,2.57513409127209,1.50078019956464,51171650776,4382483,0.00867094206473905
2025-07-17 00:00:00,0,0,0,0,HLRE04,0,1937.50694444444,18096.4639205322,#ERROR,2870.4582175926,1249021,0,0,9316761,6,6.44000634984626e-07,1233489,0,0,9207134,1,1.08611431092455e-05,1249021,1248878,1265610,1264682,1233489,1233392,99.9073778957144,9316761,9297643,9347737,9346168,9207134,9114457,98.7737055070201,1233315,174,0.0141083178263461,31535163,352716,1.11848478474648,35577264,199307,0.560208901954911,41555,37,0.0890386235110095,19761178,19742647,99.9062252260467,4806061,4801761,99.9105296416338,777,757,97.4259974259974,21641,21250,98.1932443047918,0,0,#DIV/0,0,0,#DIV/0,132812732196.0,45073327.784,2946.59255763107,15655860220.0,55541434.868,281.877129339704,-1793584373.4,16933065,-105.922015500442,611618,10454325,11065943,99.6609716457358,2.80479621635348,2.03279195587156,1.37977534211115,51171650776,4382483,0.00867094206473905
2025-07-17 00:00:00,0,0,0,0,HLTBRE1,0,0.0,0.0,#ERROR,0.0,0,0,#DIV/0,0,0,#DIV/0,0,0,#DIV/0,0,0,#DIV/0,0,0,0,0,0,0,#DIV/0,0,0,0,0,0,0,#DIV/0,0,0,#DIV/0,0,0,#DIV/0,0,0,#DIV/0,0,0,#DIV/0,0,0,#DIV/0,0,0,#DIV/0,0,0,#DIV/0,0,0,#DIV/0,0,0,#DIV/0,0,0,#DIV/0,,,,,,,0.0,0,#DIV/0,86400,0,86400,0.0,0.0,0.0,#DIV/0,51171650776,4382483,0.00867094206473905
2025-07-18 00:00:00,0,0,0,0,HLTBRE1,0,0.0,0.0,#ERROR,0.0,0,0,#DIV/0,0,0,#DIV/0,0,0,#DIV/0,0,0,#DIV/0,0,0,0,0,0,0,#DIV/0,0,0,0,0,0,0,#DIV/0,0,0,#DIV/0,0,0,#DIV/0,0,0,#DIV/0,0,0,#DIV/0,0,0,#DIV/0,0,0,#DIV/0,0,0,#DIV/0,0,0,#DIV/0,0,0,#DIV/0,0,0,#DIV/0,,,,,,,0.0,0,#DIV/0,86400,0,86400,0.0,0.0,0.0,#DIV/0,51888771439,4214645,0.00822120936693637
2025-07-18 00:00:00,0,0,0,0,HLRE03,0,1886.31111111111,25333.7560904541,#ERROR,4354.6103587963,157581,0,0,12832913,158,1.23120915726616e-05,160368,2,0.00124713159732615,13312822,0,0,157581,157407,177236,177030,160368,160272,99.7137530113422,12832913,12806703,12897305,12894429,13312822,13124577,98.362695765558,160073,314,0.196160501771067,42240935,500331,1.18446951991001,45005957,225754,0.501609153650482,62454,114,0.182534345278125,33694467,33652461,99.8753326473453,7981715,7970197,99.8556951732804,773,761,98.4476067270375,42674,41977,98.3666869756761,0,0,#DIV/0,0,0,#DIV/0,184138463341.0,84418219.348,2181.2644801464,23292665879.0,100778145.262,231.128146072191,-2166741621.8,20530914,-105.535565625573,2127371,10886437,13013808,99.0260146543894,3.97893149155611,2.64510242861233,1.50426367180175,51888771439,4214645,0.00822120936693637
2025-07-18 00:00:00,0,0,0,0,HLRE04,0,1872.33472222222,18221.4532647705,#ERROR,2914.9353587963,1166610,5,0.000431763269380558,9238865,9,9.74145633689853e-07,1148733,1,8.70524308085517e-05,9174402,11,0.000119898822833357,1166610,1166474,1183341,1182476,1148733,1148650,99.9080334660552,9238865,9219098,9268233,9266534,9174402,9082567,98.7690860359998,1148564,137,0.0119279378423841,31766544,361287,1.1373191871297,35847397,207342,0.578401829287633,42730,44,0.102972150713784,20124265,20096671,99.862881948732,4956651,4951964,99.9054401853187,793,780,98.3606557377049,21531,21182,98.3790813246017,0,0,#DIV/0,0,0,#DIV/0,133571671197.0,46037606.362,2901.36003480954,15856289439.0,57057200.204,277.901638746873,-1789667119.9,16900271,-105.895764624129,942206,10454439,11396645,99.477722124663,2.84147445121607,2.05609023192822,1.38197945162714,51888771439,4214645,0.00822120936693637
2025-07-18 00:00:00,0,0,0,0,HLRE01,0,2585.38888888889,18960.4506207275,#ERROR,3399.41655092592,233742,0,0,10009582,2,1.99808543453663e-07,246997,0,0,10137394,0,0,233742,233522,265413,264898,246997,246839,99.6482403687155,10009582,9985181,10064407,10062713,10137394,10044611,98.8265629311842,246757,450,0.182365647175156,37821258,426050,1.12648288959611,36402549,215514,0.592029970208954,103452,162,0.156594362602946,29998421,29965626,99.8906775793299,6731276,6723022,99.8773783752145,1664,1627,97.7764423076923,17045,16394,96.1806981519507,0,0,#DIV/0,0,0,#DIV/0,138046417047.0,52914831.74,2608.84165190771,18020043929.0,66989522.588,268.997945243276,-2198362340.1,21056610,-104.402481695772,159646,6393540,6553186,99.926384277704,2.92769311029009,2.06222689746397,1.41967555262248,51888771439,4214645,0.00822120936693637
2025-07-18 00:00:00,0,0,0,0,HLRE02,0,1440.62916666667,20232.4772529297,#ERROR,3420.28495370371,111727,0,0,10852314,6,5.52877478480626e-07,121167,1,0.000825307220612873,10662347,23,0.000215712356763478,111727,111582,134130,133893,121167,121109,99.6460332113464,10852314,10829526,10896442,10894280,10662347,10562714,98.8379268398591,121060,253,0.208987279035189,35717779,428613,1.1999990256953,39600109,257354,0.649882049567086,51256,83,0.161932261588887,22881616,22851078,99.8665391465358,5493060,5487630,99.9011479940143,665,653,98.1954887218045,15958,15476,96.979571374859,0,0,#DIV/0,0,0,#DIV/0,148168246539.0,57390910.414,2581.73716831047,17942442917.0,68858444.988,260.569969596712,-1722583863.8,16311980,-105.602377136313,1985264,20476872,22462136,98.9302796744603,3.41857593464736,2.44792175417175,1.39652173474149,51888771439,4214645,0.00822120936693637
2025-07-19 00:00:00,0,0,0,0,HLRE01,0,2384.60555555556,18579.8973918457,#ERROR,3226.79056712964,213859,1,0.000497745214179766,9349800,4101,0.000438619007893217,230449,6,0.00260361294689931,9365533,8,8.54195911754302e-05,213859,213606,244694,244178,230449,230275,99.5958151816675,9349800,9319869,9392691,9390941,9365533,9276690,98.715899978623,230247,990,0.429973028964547,33452517,431297,1.28928116231134,32186394,202318,0.628582375521781,96113,452,0.470279774848356,27440265,27289190,99.4494404481881,6361683,6353841,99.8767307330466,1635,1587,97.0642201834862,16427,15977,97.260607536373,0,0,#DIV/0,0,0,#DIV/0,134763049058.0,56529521.19,2383.94110229682,17463140104.0,69281473.554,252.060748829032,-2160342733.4,20672317,-104.504141137155,3940836,6393644,10334480,98.1828076582559,2.77835619640577,1.95464559386973,1.42141174089022,53753805257,7306805,0.0137163377572234
2025-07-19 00:00:00,0,0,0,0,HLRE02,0,1371.14027777778,20154.2960849609,#ERROR,3554.99322916667,106061,0,0,10929673,25912,0.00237079370993075,118929,0,0,10759056,12,0.000111533948703306,106061,105836,132443,132127,118929,118808,99.4484875754343,10929673,10872220,10937454,10935104,10759056,10649592,98.4411193066933,118706,873,0.735430391050158,33243656,513649,1.54510382371903,36447691,273539,0.750497473214421,53945,426,0.789693206043192,22682772,22515305,99.2616995841602,5871321,5864160,99.8780342617956,709,697,98.3074753173484,15811,15254,96.4771361710202,0,0,#DIV/0,0,0,#DIV/0,145589287499.0,73259104.442,1987.32005541051,18545233470.0,83498317.942,222.10307856599,-1569273685.8,14855426,-105.636397488702,16530526,20476844,37007370,91.0928523087799,3.54274122041979,2.5394517849875,1.39508111213745,53753805257,7306805,0.0137163377572234
2025-07-19 00:00:00,0,0,0,0,HLRE03,0,1896.65694444444,25466.3464329834,#ERROR,4446.05868055555,159388,0,0,12379625,36911,0.00298159273806759,165297,1,0.000604971657077866,12588418,6,4.76628596222337e-05,159388,159202,182822,182539,165297,165139,99.6333627145567,12379625,12311411,12389713,12386870,12588418,12390882,97.8659778421221,164945,800,0.485010154900118,39798758,561021,1.40964449192108,42779086,229570,0.536640731407866,65964,329,0.498756897701777,34946240,34795224,99.5678619502413,8741821,8727655,99.8379513833559,919,893,97.170837867247,52065,51327,98.5825410544512,0,0,#DIV/0,0,0,#DIV/0,183628135760.0,98517294.166,1863.91777519376,23668507473.0,114642737.314,206.454486586213,-2097182514.8,19865462,-105.569279727801,8771971,10886434,19658405,95.9838828271507,4.15829797572255,2.72887292373457,1.5238151764252,53753805257,7306805,0.0137163377572234
2025-07-19 00:00:00,0,0,0,0,HLRE04,0,1805.44722222222,18020.981109375,#ERROR,2983.7865162037,1015971,133,0.0132080849369239,9210010,1332,0.00014462525013545,1018597,203,0.0199293734420973,9044075,0,0,1015971,1015671,1036088,1035275,1018597,1018255,99.8584871883728,9210010,9184511,9225118,9223334,9044075,8942338,98.5822823757177,1018200,415,0.0407582007464152,30044672,423192,1.40854258618633,34026564,221936,0.652243347285962,46354,174,0.375372136169478,20474127,20424763,99.7588957028546,5308309,5302295,99.8867059170821,813,807,99.2619926199262,23684,23283,98.3068738388786,0,0,#DIV/0,0,0,#DIV/0,130625291495.0,55188831.268,2366.87910386572,15922068739.0,67564849.04,235.656098773695,-1661870057.4,15690200,-105.917710252259,13046035,10454429,23500464,92.7684015582872,2.96638204672423,2.11601137069014,1.40187434142036,53753805257,7306805,0.0137163377572234
2025-07-19 00:00:00,0,0,0,0,HLTBRE1,0,0.0,0.0,#ERROR,0.0,0,0,#DIV/0,0,0,#DIV/0,0,0,#DIV/0,0,0,#DIV/0,0,0,0,0,0,0,#DIV/0,0,0,0,0,0,0,#DIV/0,0,0,#DIV/0,0,0,#DIV/0,0,0,#DIV/0,0,0,#DIV/0,0,0,#DIV/0,0,0,#DIV/0,0,0,#DIV/0,0,0,#DIV/0,0,0,#DIV/0,0,0,#DIV/0,,,,,,,0.0,0,#DIV/0,86400,0,86400,0.0,0.0,0.0,#DIV/0,53753805257,7306805,0.0137163377572234
2025-07-20 00:00:00,0,0,0,0,HLRE01,0,2124.1125,18596.05825,#ERROR,3209.36880787037,195464,0,0,9329750,2,2.14368016291969e-07,207070,2,0.00096585695658473,9403839,0,0,195464,195260,220995,220280,207070,206934,99.5070364345435,9329750,9307747,9375205,9373659,9403839,9318809,98.8457876288961,206932,362,0.174936694179731,35018856,394453,1.12640173054197,33579375,197677,0.588685763210304,82378,159,0.193012697564884,27347118,27309707,99.8631994786434,6191218,6184021,99.8837546989946,1355,1300,95.9409594095941,15070,14641,97.1532846715329,0,0,#DIV/0,0,0,#DIV/0,135713268636.0,50863194.038,2668.20185406776,17421490795.0,64037980.87,272.049345690121,-2189912159.5,20924639,-104.657105888422,1224437,6393616,7618053,99.4353894606758,2.72586235404123,1.93013022258712,1.41226862423175,50920462221,5469327,0.0108199736728085
2025-07-20 00:00:00,0,0,0,0,HLRE02,0,1382.74305555556,20959.6788226318,#ERROR,3431.06412037037,105429,0,0,10426203,2,1.91824387075525e-07,117851,2,0.0016970581496975,10255093,8,7.8010019021768e-05,105429,105283,128755,128559,117851,117781,99.6502773990194,10426203,10402398,10463645,10461442,10255093,10164018,98.8647941755505,117613,337,0.286532951289398,34578738,436699,1.26291190846815,38334362,259088,0.675863602477589,51123,115,0.224947675214678,22962607,22919669,99.8130090368223,5687017,5680919,99.8927733115621,712,703,98.7359550561798,14555,14150,97.2174510477499,0,0,#DIV/0,0,0,#DIV/0,153484933944.0,58311942.212,2632.1355132708,18748657026.0,72244985.902,259.514993212573,-1632193326.8,15439147,-105.717843531123,10709356,20476906,31186262,94.2294748775778,3.43495988138845,2.45304414500843,1.4002845763612,50920462221,5469327,0.0108199736728085
2025-07-20 00:00:00,0,0,0,0,HLRE03,0,1710.03472222222,24649.6281243897,#ERROR,3980.83444383528,147021,1,0.000721557988007706,10664155,395,3.70399717558494e-05,150066,1,0.000666373462343236,10737133,4,3.72538926359579e-05,147021,146900,166593,166369,150066,149961,99.7135324374644,10664155,10639564,10705960,10703256,10737133,10576189,98.2490929473022,149730,396,0.264476056902424,37663649,454687,1.20723034563114,41235896,203412,0.493288662867905,62603,189,0.301902464738112,31892742,31832722,99.8118067113828,7641217,7629152,99.8421063032237,785,769,97.9617834394905,45978,45380,98.6993779633738,0,0,#DIV/0,0,0,#DIV/0,179860939853.0,75487042.022,2382.67303944141,22568105348.0,95278518.564,236.864570189981,-2133549414.7,20171668,-105.7696078827,5407341,10883719,16291060,97.5243289051512,3.65401209087565,2.42406240676208,1.50739192220569,50920462221,5469327,0.0108199736728085
2025-07-20 00:00:00,0,0,0,0,HLRE04,0,1527.54722222222,18342.663647583,#ERROR,2848.42228009259,706956,0,0,8102542,2,2.46836116369406e-07,712836,2,0.000280569443743021,7937976,7,8.81836881341037e-05,706956,706861,725755,725471,712836,712764,99.9373405105686,8102542,8082859,8115928,8114436,7937976,7858479,98.739876826022,712683,159,0.0223100593110822,30018085,373314,1.2436302982019,34437194,210264,0.610572394487193,43138,67,0.155315499095925,18773042,18751365,99.8845312336701,4715505,4710567,99.8952816294331,789,779,98.7325728770596,19009,18599,97.8431269398706,0,0,#DIV/0,0,0,#DIV/0,134239238628.0,44679332.288,3004.50413544014,16084115713.0,58090240.384,276.881548547183,-1722964481.9,16254452,-105.999542888311,7476308,10454308,17930616,95.8557786114659,2.73938688561594,1.98313018452683,1.3813449600988,50920462221,5469327,0.0108199736728085
2025-07-20 00:00:00,0,0,0,0,HLTBRE1,0,0.0,0.0,#ERROR,0.0,0,0,#DIV/0,0,0,#DIV/0,0,0,#DIV/0,0,0,#DIV/0,0,0,0,0,0,0,#DIV/0,0,0,0,0,0,0,#DIV/0,0,0,#DIV/0,0,0,#DIV/0,0,0,#DIV/0,0,0,#DIV/0,0,0,#DIV/0,0,0,#DIV/0,0,0,#DIV/0,0,0,#DIV/0,0,0,#DIV/0,0,0,#DIV/0,,,,,,,0.0,0,#DIV/0,86400,0,86400,0.0,0.0,0.0,#DIV/0,50920462221,5469327,0.0108199736728085
2025-07-21 00:00:00,0,0,0,0,HLTBRE1,0,0.0,0.0,#ERROR,0.0,0,0,#DIV/0,0,0,#DIV/0,0,0,#DIV/0,0,0,#DIV/0,0,0,0,0,0,0,#DIV/0,0,0,0,0,0,0,#DIV/0,0,0,#DIV/0,0,0,#DIV/0,0,0,#DIV/0,0,0,#DIV/0,0,0,#DIV/0,0,0,#DIV/0,0,0,#DIV/0,0,0,#DIV/0,0,0,#DIV/0,0,0,#DIV/0,,,,,,,0.0,0,#DIV/0,86400,0,86400,0.0,0.0,0.0,#DIV/0,52057298451,5817162,0.0112481015613884
2025-07-21 00:00:00,0,0,0,0,HLRE04,0,1587.04305555556,19036.455588501,#ERROR,2869.38240740741,893868,17,0.00191892431875365,8489223,44,5.18304207581778e-06,880441,0,0,8266821,0,0,893868,893759,909289,908574,880441,880365,99.9005583301149,8489223,8471133,8503234,8501796,8266821,8182821,98.756257791552,880295,142,0.0161309560999438,29497524,352630,1.19545626948214,33363536,195351,0.585522469800563,36906,44,0.11922180675229,19028945,19008891,99.8946131800791,4853721,4849613,99.9153639032816,792,779,98.3585858585859,20910,20456,97.8287900526064,0,0,#DIV/0,0,0,#DIV/0,139933380444.0,48904822.262,2861.34115147845,16143900008.0,60770604.994,265.653106622748,-1790522589.4,16875544,-106.101621932899,1273260,10454443,11727703,99.2942142933163,2.7564436262062,2.01178157271034,1.37015054894484,52057298451,5817162,0.0112481015613884
2025-07-21 00:00:00,0,0,0,0,HLRE01,0,2365.58472222222,19228.43725354,#ERROR,3257.84091435184,206665,0,0,9251454,2,2.16182234706026e-07,219594,3,0.00136615754528812,9248997,0,0,206665,206447,234056,233652,219594,219423,99.6444345208765,9251454,9229626,9296347,9294801,9248997,9163392,98.8242452751418,219417,614,0.279832465123486,34147137,404063,1.18329978879342,32965147,191827,0.581908522962145,88461,240,0.271305999253909,27951839,27792626,99.4304024146676,6451593,6444208,99.8855321468667,1512,1461,96.6269841269841,15661,15240,97.3117936274823,0,0,#DIV/0,0,0,#DIV/0,140036992602.0,54431238.218,2572.73207787676,18105984507.0,66858686.896,270.809753340867,-2197585355.9,20989466,-104.699440943376,641674,6393532,7035206,99.704112254685,2.78639447637292,1.97436314085021,1.4112877305707,52057298451,5817162,0.0112481015613884
2025-07-21 00:00:00,0,0,0,0,HLRE02,0,1284.96111111111,20781.4130631104,#ERROR,3289.33917824074,98838,0,0,9880932,173,1.75084698487956e-05,106377,1,0.0009400528309691,9709213,13,0.000133893447388578,98838,98690,117866,117682,106377,106334,99.6540855645715,9880932,9859490,9915195,9913350,9709213,9618753,98.8349311505595,106222,220,0.207113404002937,33007666,393203,1.19124751201736,36847477,232526,0.631049990206928,43844,75,0.171061034577137,22828547,22804929,99.8965418166999,5763847,5758862,99.9135126244676,607,602,99.176276771005,14590,14169,97.1144619602467,0,0,#DIV/0,0,0,#DIV/0,152730877540.0,58332917.51,2618.26227899226,17965441262.0,69179779.804,259.692085070228,-1725536362.7,16306552,-105.818591367445,2033388,20476596,22509984,98.9043490068281,3.28847025989883,2.35871126228269,1.39418092942684,52057298451,5817162,0.0112481015613884
2025-07-21 00:00:00,0,0,0,0,HLRE03,0,1652.07222222222,25704.7336260986,#ERROR,4163.74943287037,140869,1,0.000746318782604802,10733089,1585,0.000147674169104533,137890,1,0.000725215751686127,10831921,4,3.69278911838445e-05,140869,140717,157486,157284,137890,137797,99.6966854881062,10733089,10709474,10769437,10766903,10831921,10659073,98.1646592209944,137641,407,0.295696776396568,37619975,454425,1.20793541197196,40922199,192368,0.470082265129496,51740,147,0.284112872052571,34524355,34436339,99.7450611314824,8529402,8518952,99.8774826183594,884,868,98.1900452488688,60544,59807,98.7827034883721,0,0,#DIV/0,0,0,#DIV/0,187440915658.0,88116958.042,2127.1832326379,22792086693.0,105508451.698,216.021430759296,-2154250997.6,20348738,-105.866565169791,3977948,10886303,14864251,98.1787553475152,3.89584860803207,2.55844848106227,1.5227387367263,52057298451,5817162,0.0112481015613884
2025-07-22 00:00:00,0,0,0,0,HLRE01,0,2137.19861111111,19840.5501153564,#ERROR,3295.6689236111,187497,0,0,9307593,1,1.07439162842638e-07,197151,5,0.00253612713098082,9300318,0,0,187497,187341,210932,210570,197151,197017,99.677527061529,9307593,9287185,9349388,9348060,9300318,9225986,98.9691893822127,197046,510,0.258822812947231,35357367,387304,1.09539830836386,33643433,192904,0.57337787139618,76383,207,0.2710027100271,28515958,28383334,99.5349130476346,6520792,6514696,99.9065144234013,1376,1347,97.8924418604651,15193,14855,97.7752912525505,0,0,#DIV/0,0,0,#DIV/0,144857278079.0,54167395.548,2674.25222522718,18237959139.0,66805382.918,273.001341245003,-2200538147.8,21009153,-104.741878351783,440846,6393609,6834455,99.7967177585953,2.78752337620872,1.98518062397373,1.40416612097943,54932387511,9376383,0.0171586657944436
2025-07-22 00:00:00,0,0,0,0,HLRE02,0,1264.44722222222,21097.0963442383,#ERROR,3393.96990740741,96224,0,0,9868118,79,8.00557917933288e-06,104229,2,0.00191885175910735,9735782,3,3.08141657239244e-05,96224,96095,114894,114678,104229,104177,99.6284608800153,9868118,9846970,9900173,9898356,9735782,9645536,98.8425843465665,104036,246,0.236456611173055,34129838,400949,1.17477557320958,37721433,246914,0.654572163257955,42633,92,0.215795275959937,24623462,24597670,99.8952543716233,6135426,6130645,99.9220755005439,585,579,98.974358974359,15866,15461,97.4473717383083,0,0,#DIV/0,0,0,#DIV/0,154880096853.0,59476944.954,2604.03584906363,18245513617.0,71056858.376,256.773435161645,-1721698193.1,16262183,-105.871283892206,2471851,20476875,22948726,98.6680918727154,3.3957461189604,2.4353570701785,1.39435245884149,54932387511,9376383,0.0171586657944436
2025-07-22 00:00:00,0,0,0,0,HLRE03,0,1567.51111111111,25957.3971298828,#ERROR,4685.68878141536,136670,0,0,11651969,56082,0.00481309210486228,130324,1,0.000767318375740462,11919764,8,6.71154227550143e-05,136670,136460,152656,152412,130324,130206,99.5964943678811,11651969,11562360,11628857,11626256,11919764,11729880,97.62834574286,130078,516,0.396685065883547,37817892,569070,1.5047639355467,38768941,223431,0.576314426540565,43847,188,0.428763655438228,39436284,39063099,99.053701408581,9974371,9961799,99.8739569643038,849,819,96.4664310954064,71283,70513,98.9197985494438,0,0,#DIV/0,0,0,#DIV/0,186111116938.0,116261395.828,1600.79892050614,24137362097.0,139474567.344,173.059236222383,-2024933914.7,19139832,-105.796848932634,16030789,10886441,26917230,92.66054037374,4.57655070288311,2.92400041069603,1.56516759920486,54932387511,9376383,0.0171586657944436
2025-07-22 00:00:00,0,0,0,0,HLRE04,0,1341.76944444444,19882.1283280029,#ERROR,3022.58680555556,718851,23,0.00322802486982639,7910210,7694,0.000972666970914805,703045,39,0.00554729782588597,7681141,0,0,718851,718687,730868,730434,703045,702873,99.8933730142214,7910210,7881739,7911877,7910768,7681141,7607941,98.6766860433058,702815,278,0.0395552172335536,28815249,391831,1.3598043174987,31554260,206370,0.65401628813352,29657,84,0.283238358566274,19470384,19408816,99.6837864111977,5042692,5038342,99.9137365518259,731,726,99.3160054719562,17483,16925,96.8083280901447,0,0,#DIV/0,0,0,#DIV/0,145106907968.0,57838426.448,2508.83222244055,16832347385.0,72183450.23,233.188457068298,-1688203832.0,15900205,-106.174972712616,11006878,10454437,21461315,93.8987346122463,2.89053559336381,2.1002059703177,1.3763105305936,54932387511,9376383,0.0171586657944436
2025-07-22 00:00:00,0,0,0,0,HLTBRE1,0,0.0,0.0,#ERROR,0.0,0,0,#DIV/0,0,0,#DIV/0,0,0,#DIV/0,0,0,#DIV/0,0,0,0,0,0,0,#DIV/0,0,0,0,0,0,0,#DIV/0,0,0,#DIV/0,0,0,#DIV/0,0,0,#DIV/0,0,0,#DIV/0,0,0,#DIV/0,0,0,#DIV/0,0,0,#DIV/0,0,0,#DIV/0,0,0,#DIV/0,0,0,#DIV/0,,,,,,,0.0,0,#DIV/0,86400,0,86400,0.0,0.0,0.0,#DIV/0,54932387511,9376383,0.0171586657944436
2025-07-23 00:00:00,0,0,0,0,HLRE04,0,1629.70972222222,17598.0837150879,#ERROR,2844.3109375,785570,34,0.00437691972986681,8831273,58,6.56756959047693e-06,775086,1,0.000129017941234908,8715549,1,1.14737465190087e-05,785570,785442,802453,801865,775086,775031,99.903353086818,8831273,8811275,8846453,8844922,8715549,8627980,98.7539917266277,774960,136,0.0175492928667286,30610724,355290,1.16067166526345,34426885,205957,0.598244656755905,42887,49,0.114253736563527,18559962,18542513,99.9059857988933,4566961,4562737,99.9075096108769,779,770,98.8446726572529,21341,20785,97.3946862846165,0,0,#DIV/0,0,0,#DIV/0,129076976035.0,44567211.146,2896.23184210809,15147111981.0,58153739.62,260.46668847055,-1756807257.8,16561390,-106.078490863388,4415940,10454419,14870359,97.552183109834,2.73392514530783,1.98732083403871,1.37568383447772,51152241380,6803111,0.0133905412781462
2025-07-23 00:00:00,0,0,0,0,HLRE03,0,1875.93055555556,24244.4853171387,#ERROR,4145.74700727513,166130,0,0,11403011,360,3.15706088505922e-05,160539,1,0.000622901600234211,11721459,0,0,166130,165952,183114,182422,160539,160447,99.4583240309946,11403011,11379784,11448954,11446116,11721459,11534471,98.1799522780479,160221,423,0.264010335723782,39847185,461405,1.15793625070378,43061311,210280,0.488326981034089,63162,154,0.243817485196796,33481751,33418041,99.8097172396987,8021699,8011340,99.870862768598,786,767,97.5826972010178,47234,46743,98.9604945590041,0,0,#DIV/0,0,0,#DIV/0,176389881891.0,77965305.998,2262.4150528637,22054411554.0,98901138.158,222.994517199255,-2166402560.3,20480752,-105.777490997401,2639114,10886442,13525556,98.7917206912213,3.84396269607482,2.5393063575456,1.51378453594321,51152241380,6803111,0.0133905412781462
2025-07-23 00:00:00,0,0,0,0,HLTBRE1,0,0.0,0.0,#ERROR,0.0,0,0,#DIV/0,0,0,#DIV/0,0,0,#DIV/0,0,0,#DIV/0,0,0,0,0,0,0,#DIV/0,0,0,0,0,0,0,#DIV/0,0,0,#DIV/0,0,0,#DIV/0,0,0,#DIV/0,0,0,#DIV/0,0,0,#DIV/0,0,0,#DIV/0,0,0,#DIV/0,0,0,#DIV/0,0,0,#DIV/0,0,0,#DIV/0,,,,,,,0.0,0,#DIV/0,86400,0,86400,0.0,0.0,0.0,#DIV/0,51152241380,6803111,0.0133905412781462
2025-07-23 00:00:00,0,0,0,0,HLRE01,0,2528.00972222222,19399.5949825439,#ERROR,3444.80393518519,228636,0,0,9864513,1,1.01373478852935e-07,239261,2,0.000835907231015502,10023496,0,0,228636,228436,256261,255221,239261,239107,99.4429959148829,9864513,9841129,9916585,9915001,10023496,9932571,98.8421891403478,239123,382,0.159750421331281,37805104,422589,1.11780938362185,36157494,206968,0.572406926210096,98860,179,0.181064131094477,29560280,29520444,99.8652380829952,6617162,6609188,99.8794951672636,1647,1604,97.3891924711597,17188,16777,97.6087968350012,0,0,#DIV/0,0,0,#DIV/0,141315155793.0,55256927.1,2557.41973376945,18300134595.0,68127726.314,268.615079133198,-2193690385.7,20966285,-104.629426991954,811375,6393653,7205028,99.625859985982,2.94753808611567,2.08346475323846,1.41472903802866,51152241380,6803111,0.0133905412781462
2025-07-23 00:00:00,0,0,0,0,HLRE02,0,1345.71666666667,20471.3490355225,#ERROR,3380.71163194445,106862,0,0,10346890,1,9.66473983970063e-08,112715,2,0.00177438672758728,10190110,11,0.000107947804292594,106862,106693,127183,126891,112715,112654,99.5587156156888,10346890,10325276,10382435,10380537,10190110,10091480,98.8071628096264,112515,236,0.209749811136293,35082990,408182,1.16347551904784,38930865,253392,0.650876881363926,47092,85,0.180497749086894,22322533,22299632,99.8974085960585,5426531,5421358,99.904672063976,666,656,98.4984984984985,15544,15044,96.7833247555327,0,0,#DIV/0,0,0,#DIV/0,150420306091.0,57026381.11,2637.73192622638,17929748597.0,67814058.562,264.395745914654,-1726050481.7,16314695,-105.797287764191,1958785,20476921,22435706,98.9445473610249,3.33619178440607,2.41071392232107,1.38390198584573,51152241380,6803111,0.0133905412781462
2025-07-24 00:00:00,0,0,0,0,HLRE01,0,2593.53888888889,19811.2534556885,#ERROR,3554.13125,240612,0,0,10217170,7,6.8512122241286e-07,253751,1,0.000394087116898062,10484289,4,3.81523248739137e-05,240612,240385,271640,271228,253751,253577,99.6857264401705,10217170,10193160,10274587,10272656,10484289,10388491,98.8348430928184,253462,503,0.198451838934436,39194427,434055,1.10744060628824,37472386,215519,0.57514085171945,102820,193,0.187706671853725,30913939,30848480,99.7882540946982,6966583,6958080,99.8779459026039,1804,1757,97.3946784922395,17403,17020,97.799230017813,0,0,#DIV/0,0,0,#DIV/0,144359358901.0,57051350.928,2530.3407641159,18676869030.0,70712896.312,264.122529327519,-2189589338.9,20933655,-104.596609569614,1159611,6393533,7553144,99.4652819278442,3.05857849844919,2.15365495575625,1.42018037303249,51686138117,6519973,0.0126929903022751
2025-07-24 00:00:00,0,0,0,0,HLRE02,0,1369.00138888889,20394.5607131348,#ERROR,3416.04363425926,113024,0,0,10672223,1,9.37011904642547e-08,115738,0,0,10511202,9,8.56229382709989e-05,113024,112862,135204,135033,115738,115685,99.684703728766,10672223,10649753,10712769,10710665,10511202,10414153,98.8486884039058,115624,233,0.201515256348163,35485760,417019,1.17517280170976,39298689,254744,0.648225186341458,49657,81,0.163118996314719,22384990,22360772,99.8918114325716,5381014,5375516,99.8978259487896,651,642,98.6175115207373,15648,15265,97.5524028629857,0,0,#DIV/0,0,0,#DIV/0,149702901953.0,57723502.998,2593.44797487753,17879477307.0,69058931.644,258.90173626156,-1712733768.5,16193994,-105.763517542368,3161373,20476589,23637962,98.2965565513139,3.37483356590499,2.43376577126577,1.38667147255908,51686138117,6519973,0.0126929903022751
2025-07-24 00:00:00,0,0,0,0,HLRE03,0,1875.58611111111,24314.6155695801,#ERROR,4175.92418981481,158068,0,0,11886528,862,7.25190736941856e-05,157979,4,0.00253198209888656,12226761,2,1.6357561908669e-05,158068,157886,176814,176617,157979,157867,99.702836478067,11886528,11861616,11932886,11929778,12226761,12039202,98.2340368327953,157705,525,0.332900034875242,40557667,475285,1.17187460511474,43675958,215796,0.494084182423657,61192,181,0.295790299385541,32930271,32842186,99.7325105523729,7699313,7688780,99.8631955864114,726,710,97.7961432506887,43701,43188,98.8261138189058,0,0,#DIV/0,0,0,#DIV/0,177073173951.0,79010937.104,2241.12231092669,22105427984.0,99157619.526,222.932217308865,-2169579424.1,20512120,-105.770608991172,2345239,10886304,13231543,98.9262670131564,3.85804016503325,2.55364752124738,1.5107958842921,51686138117,6519973,0.0126929903022751
2025-07-24 00:00:00,0,0,0,0,HLRE04,0,1588.51388888889,17752.187822998,#ERROR,2880.07008101852,788024,8,0.00102576727392089,8993476,70,7.78341989237532e-06,776939,1,0.000128710233364524,8878376,1,1.12633211299003e-05,788024,787920,805019,804555,776939,776858,99.9187535034631,8993476,8974866,9013491,9011916,8878376,8788354,98.7639628250374,776788,127,0.0163493771788442,31306109,357522,1.14201991694337,35216168,206076,0.585174400576463,40479,44,0.108698337409521,18366482,18350085,99.9107232403026,4415984,4411944,99.9085141612832,751,740,98.5352862849534,21750,21072,96.8827586206897,0,0,#DIV/0,0,0,#DIV/0,130292593400.0,44850304.968,2905.05479267001,15353828030.0,57612167.1,266.503219768659,-1786301791.3,16839606,-106.07741008311,1566454,10454320,12020774,99.1316927859373,2.75365244625021,2.00649511878562,1.3723693720804,51686138117,6519973,0.0126929903022751
2025-07-24 00:00:00,0,0,0,0,HLTBRE1,0,0.0,0.0,#ERROR,0.0,0,0,#DIV/0,0,0,#DIV/0,0,0,#DIV/0,0,0,#DIV/0,0,0,0,0,0,0,#DIV/0,0,0,0,0,0,0,#DIV/0,0,0,#DIV/0,0,0,#DIV/0,0,0,#DIV/0,0,0,#DIV/0,0,0,#DIV/0,0,0,#DIV/0,0,0,#DIV/0,0,0,#DIV/0,0,0,#DIV/0,0,0,#DIV/0,,,,,,,0.0,0,#DIV/0,86399,0,86399,0.00115740740740478,0.0,0.0,#DIV/0,51686138117,6519973,0.0126929903022751
2025-07-25 00:00:00,0,0,0,0,HLRE01,0,2282.79444444444,19967.3871047363,#ERROR,3486.98825231482,210817,0,0,9975982,4,4.0096303301269e-07,217811,3,0.00137734090564756,10147993,0,0,210817,210585,240835,240475,217811,217669,99.6756114677899,9975982,9951796,10029758,10027969,10147993,10048722,98.7640769004508,217599,466,0.214155395934724,37538293,434399,1.15721564643336,36070240,210163,0.582649297592697,97083,210,0.216309755569976,30112900,30050804,99.7937893726609,6818460,6809748,99.8722292130481,1661,1619,97.471402769416,16762,16319,97.3571172891063,0,0,#DIV/0,0,0,#DIV/0,145367399946.0,57597531.422,2523.84774758724,18877353089.0,70186411.788,268.960224751474,-2191700581.0,20963464,-104.548588964114,862810,6393614,7256424,99.6021423564999,3.00626824484583,2.11238226372925,1.4231648771461,52319709517,6158827,0.0118965692781187
2025-07-25 00:00:00,0,0,0,0,HLRE02,0,1234.50277777778,20920.0299588623,#ERROR,3401.96678240741,91629,0,0,10609615,6,5.65524762208619e-07,102052,2,0.00195978520754125,10404729,9,8.64991293862627e-05,91629,91507,111732,111574,102052,101993,99.6679778171681,10609615,10588477,10648622,10646573,10404729,10311792,98.890294322444,101944,214,0.209919171309739,34505370,415619,1.20450526975946,38342752,244176,0.636824399041571,44810,97,0.216469538049543,21854277,21829744,99.8877427974396,5290675,5285285,99.8981226403058,649,628,96.7642526964561,15069,14662,97.2990908487624,0,0,#DIV/0,0,0,#DIV/0,153510340186.0,60006005.296,2558.2496189966,18348550509.0,70103219.512,261.736203226147,-1708862792.1,16159950,-105.746787094019,3504446,20476833,23981279,98.111698436099,3.37289086574801,2.42609817431246,1.39025324756442,52319709517,6158827,0.0118965692781187
2025-07-25 00:00:00,0,0,0,0,HLRE03,0,1543.3375,25085.5596572266,#ERROR,4174.57926587301,128367,2,0.00164697163091366,11309588,433,3.82860984856389e-05,127742,0,0,11607041,1,8.61546021936168e-06,128367,128235,145595,145407,127742,127657,99.7017911850233,11309588,11285947,11350084,11347333,11607041,11426693,98.2166206756612,127489,373,0.292574261308819,39340363,470313,1.19549735725621,42811123,210572,0.491862827331112,53569,138,0.257611678396087,31207006,31130263,99.7540840668919,7311648,7301492,99.8610983460911,720,695,96.5277777777778,43183,42572,98.5850913553945,0,0,#DIV/0,0,0,#DIV/0,183561789600.0,84472864.526,2173.02669478553,22174406820.0,100783843.556,220.019459842082,-2174042490.6,20557318,-105.755161767698,1900798,10886447,12787245,99.1297477511135,3.8258929384867,2.53713921293866,1.50795546376635,52319709517,6158827,0.0118965692781187
2025-07-25 00:00:00,0,0,0,0,HLRE04,0,1351.61388888889,18524.1051276855,#ERROR,2889.6353587963,599283,0,0,8860713,3,3.38573205113403e-07,601115,1,0.000166357518943962,8737543,2,2.28897299847337e-05,599283,599218,614437,614139,601115,601062,99.9318475658496,8860713,8842080,8877327,8875842,8737543,8652825,98.8056340512753,600989,120,0.0199670875839658,30607106,362931,1.18577365661425,34338117,204608,0.595862609472733,35934,47,0.130795347025102,17879864,17862188,99.9011401876435,4347463,4343171,99.9012757555384,633,628,99.2101105845182,21414,20964,97.8985710282993,0,0,#DIV/0,0,0,#DIV/0,136457037806.0,47807044.93,2854.32906396543,15539586307.0,59258410.562,262.234274588608,-1785284664.2,16831547,-106.067770490734,1624469,10454440,12078909,99.0995342654676,2.75980298798036,2.00974796851194,1.37320849739372,52319709517,6158827,0.0118965692781187
2025-07-25 00:00:00,0,0,0,0,HLTBRE1,0,0.0,0.0,#ERROR,0.0,0,0,#DIV/0,0,0,#DIV/0,0,0,#DIV/0,0,0,#DIV/0,0,0,0,0,0,0,#DIV/0,0,0,0,0,0,0,#DIV/0,0,0,#DIV/0,0,0,#DIV/0,0,0,#DIV/0,0,0,#DIV/0,0,0,#DIV/0,0,0,#DIV/0,0,0,#DIV/0,0,0,#DIV/0,0,0,#DIV/0,0,0,#DIV/0,,,,,,,0.0,0,#DIV/0,86401,0,86401,-0.00115740740740478,0.0,0.0,#DIV/0,52319709517,6158827,0.0118965692781187
2025-07-26 00:00:00,0,0,0,0,HLTBRE1,0,0.0,0.0,#ERROR,0.0,0,0,#DIV/0,0,0,#DIV/0,0,0,#DIV/0,0,0,#DIV/0,0,0,0,0,0,0,#DIV/0,0,0,0,0,0,0,#DIV/0,0,0,#DIV/0,0,0,#DIV/0,0,0,#DIV/0,0,0,#DIV/0,0,0,#DIV/0,0,0,#DIV/0,0,0,#DIV/0,0,0,#DIV/0,0,0,#DIV/0,0,0,#DIV/0,,,,,,,0.0,0,#DIV/0,86400,0,86400,0.0,0.0,0.0,#DIV/0,52319743723,4237833,0.00822666135973362
2025-07-26 00:00:00,0,0,0,0,HLRE04,0,1242.05972222222,18354.4842000732,#ERROR,2969.0041087963,463198,2,0.000439006615829701,9188620,3,3.26490811460263e-07,468411,2,0.000426975455315951,9078488,0,0,463198,463123,479834,479677,468411,468365,99.9412782365804,9188620,9169658,9206047,9204597,9078488,8991187,98.8184287356713,468301,98,0.0209267116662147,31701362,369695,1.16618017863081,35365710,213979,0.605046526706236,38209,38,0.0994530084535057,18499099,18481027,99.9023087556859,4527046,4522637,99.9026075723551,663,654,98.6425339366516,21929,21541,98.2306534725706,0,0,#DIV/0,0,0,#DIV/0,134870061608.0,47362041.022,2847.64040353227,15725428283.0,60339025.786,260.617868421877,-1792217356.3,16900308,-106.046431597578,941524,10454431,11395955,99.4781001667376,2.82655042040517,2.05850720896112,1.37310688449406,52319743723,4237833,0.00822666135973362
2025-07-26 00:00:00,0,0,0,0,HLRE03,0,1735.09027777778,24904.0093283691,#ERROR,4238.28125,146076,0,0,11716542,319,2.72264632346301e-05,147932,0,0,11995752,0,0,146076,145917,164203,163994,147932,147841,99.7026400374787,11716542,11693273,11762056,11759452,11995752,11816310,98.28672721226,147666,318,0.215350859371826,40539240,484293,1.19462772365738,44174870,223565,0.506090906436171,57656,104,0.180380185930345,32951589,32905564,99.8603254003927,7816593,7805615,99.8595551796032,768,757,98.5677083333333,44925,44342,98.7022815804118,0,0,#DIV/0,0,0,#DIV/0,181631467663.0,81956660.062,2216.18923374374,22695069180.0,101648587.29,223.269892726121,-2167872670.9,20505517,-105.721434426647,2382237,10886435,13268672,98.9093280261076,3.89066753434563,2.58036644974693,1.50779651267253,52319743723,4237833,0.00822666135973362
2025-07-26 00:00:00,0,0,0,0,HLRE02,0,1264.4,20907.2961860352,#ERROR,3501.04554398148,98654,0,0,10680483,3,2.80886173406203e-07,108571,1,0.000921056267327371,10522261,16,0.000152058573722891,98654,98528,119578,119375,108571,108514,99.6503899106534,10680483,10657676,10718419,10716437,10522261,10427146,98.866165280924,108389,222,0.20481783206783,35563339,436514,1.22742692973795,39587661,262123,0.662133082325829,46656,84,0.180041152263375,22752297,22721727,99.865639939563,5590768,5585276,99.901766626696,604,595,98.5099337748344,15507,15076,97.2206100470755,0,0,#DIV/0,0,0,#DIV/0,153000833019.0,59812114.098,2558.024161599,18655283050.0,71685193.51,260.238999667311,-1708704418.0,16160702,-105.732066465925,3493399,20476875,23970274,98.1176508940272,3.46549108959823,2.49340732019303,1.38986160084344,52319743723,4237833,0.00822666135973362
2025-07-26 00:00:00,0,0,0,0,HLRE01,0,2083.18472222222,19109.9729327393,#ERROR,3381.1833912037,183825,29,0.0168087683809678,9863892,56,5.67727221668688e-06,194500,4,0.00205655526992288,9973892,0,0,183825,183622,211875,211506,194500,194361,99.6443398677649,9863892,9841049,9916499,9914884,9973892,9880086,98.8139850937017,194370,383,0.197046869372846,36637893,420450,1.1475823677961,34967790,203623,0.582315897001212,89374,174,0.194687493006915,28978953,28934665,99.8471718422677,6596158,6588255,99.8801878305523,1528,1468,96.0732984293194,16769,16235,96.8155525076033,0,0,#DIV/0,0,0,#DIV/0,139179503615.0,53557834.894,2598.67681153392,18112567681.0,67749707.906,267.345325032699,-2198799880.4,21013082,-104.63957073979,359069,6393643,6752712,99.8344266452708,2.89335374475461,2.03878768700967,1.41915402137745,52319743723,4237833,0.00822666135973362
2025-07-27 00:00:00,0,0,0,0,HLRE01,0,1801.19861111111,18590.0637630615,#ERROR,3244.41603009258,158118,5,0.00337817294894229,9500499,85,8.94689847343808e-06,170236,6,0.00352451890316972,9648536,2,2.07285333236047e-05,158118,157931,183602,183276,170236,170110,99.6305898086732,9500499,9476895,9547519,9545951,9648536,9557836,98.7976181225457,170107,408,0.239849036194866,35080143,415090,1.18326199525469,33498801,198952,0.593907823745692,79852,169,0.21164153684316,27626176,27555000,99.7423602890244,6254006,6246199,99.8751680123108,1271,1242,97.7183320220299,15160,14699,96.9591029023747,0,0,#DIV/0,0,0,#DIV/0,135732107888.0,50923493.066,2665.41236109005,17235914207.0,64609242.13,266.771651218562,-2197312503.0,21001652,-104.625698159364,479706,6393616,6873322,99.7787986941124,2.75544209542054,1.94654687785076,1.41555393644715,50186747918,3858223,0.00776527537137533
2025-07-27 00:00:00,0,0,0,0,HLRE02,0,1304.81666666667,20813.4733662109,#ERROR,3379.34450231482,97873,0,0,10189104,3,2.94432169894428e-07,109669,0,0,10046533,6,5.97220951745244e-05,97873,97753,119411,119242,109669,109620,99.6914756928357,10189104,10167081,10227168,10225220,10046533,9962572,98.9310952566221,109491,228,0.208236293393978,34296067,426085,1.24237277703009,38452593,253576,0.659450976426999,47619,79,0.165900165900166,22301700,22273103,99.8717721070591,5495911,5490225,99.8965412649513,657,646,98.3257229832572,15044,14695,97.6801382611008,0,0,#DIV/0,0,0,#DIV/0,152558124629.0,56036363.036,2722.48440768703,18479144769.0,68537891.67,269.619393283563,-1715396231.8,16223650,-105.734297263563,2870927,20476911,23347838,98.453057646217,3.34127638234781,2.40492543171115,1.38934718652396,50186747918,3858223,0.00776527537137533
2025-07-27 00:00:00,0,0,0,0,HLRE03,0,1714.11388888889,24282.6274116211,#ERROR,3976.44421296296,146246,0,0,10948411,10,9.13374552709064e-07,145923,0,0,11172837,0,0,146246,146037,164782,164576,145923,145845,99.678945379771,10948411,10926007,10989831,10987147,11172837,11010277,98.319369657057,145648,275,0.188811380863452,38079599,464848,1.22072714053528,41645920,212882,0.511171322424862,57274,82,0.143171421587457,31668667,31629219,99.8754352369805,7500909,7490000,99.8545642934743,678,668,98.5250737463127,43411,42836,98.6754509225772,0,0,#DIV/0,0,0,#DIV/0,177337483335.0,73723290.464,2405.44720967923,22200495713.0,94906295.838,233.920157951324,-2171534289.8,20536143,-105.742070933184,2082267,10886433,12968700,99.0466648536393,3.64621836587129,2.42418481561822,1.50410081870818,50186747918,3858223,0.00776527537137533
2025-07-27 00:00:00,0,0,0,0,HLRE04,0,1230.47361111111,18314.3356813965,#ERROR,2808.0822337963,432273,2,0.00047094615437144,8091101,0,0,437167,2,0.000457491073205434,7953151,0,0,432273,432173,449332,449128,437167,437122,99.9211897499348,8091101,8073306,8104024,8102653,7953151,7879015,98.8332353375342,437067,107,0.024481372421162,29919677,354568,1.18506626926487,34106827,207197,0.607494212229123,38004,45,0.118408588569624,17741944,17723986,99.8987822304027,4403112,4398838,99.9029322897078,717,712,99.302649930265,19709,19067,96.7426049013141,0,0,#DIV/0,0,0,#DIV/0,134771836237.0,43362077.828,3108.05761595618,15510331891.0,55501352.246,279.458630525851,-1797101868.5,16942049,-106.073466586007,525560,10454301,10979861,99.7086747906911,2.64665721460414,1.9336779103888,1.36871668253788,50186747918,3858223,0.00776527537137533
2025-07-27 00:00:00,0,0,0,0,HLTBRE1,0,0.0,0.0,#ERROR,0.0,0,0,#DIV/0,0,0,#DIV/0,0,0,#DIV/0,0,0,#DIV/0,0,0,0,0,0,0,#DIV/0,0,0,0,0,0,0,#DIV/0,0,0,#DIV/0,0,0,#DIV/0,0,0,#DIV/0,0,0,#DIV/0,0,0,#DIV/0,0,0,#DIV/0,0,0,#DIV/0,0,0,#DIV/0,0,0,#DIV/0,0,0,#DIV/0,,,,,,,0.0,0,#DIV/0,86400,0,86400,0.0,0.0,0.0,#DIV/0,50186747918,3858223,0.00776527537137533
2025-07-28 00:00:00,0,0,0,0,HLRE04,0,1238.8875,17295.0954986572,#ERROR,2839.49149305556,429036,0,0,8923791,40,4.4823999127725e-06,428873,1,0.000233169259897452,8807549,2,2.27077930534363e-05,429036,428971,445111,444962,428873,428820,99.9390280692033,8923791,8904531,8936332,8934837,8807549,8718588,98.759773689754,428752,96,0.0223905661081464,30980243,356961,1.15222143351167,34576890,205932,0.595576987982436,38297,44,0.114891505862078,18407492,18388122,99.8947711073296,4465619,4461163,99.9002154012691,679,675,99.4108983799705,21760,21394,98.3180147058824,0,0,#DIV/0,0,0,#DIV/0,127114791821.0,42852733.434,2966.31700324967,14813531355.0,55536505.794,266.735026685824,-1793398557.3,16914705,-106.026002658633,798637,10454450,11253087,99.5573044158862,2.70810443823712,1.97067427063935,1.37420195644941,49557997220,4605686,0.00938578811993296
2025-07-28 00:00:00,0,0,0,0,HLRE03,0,1722.85833333333,23382.3030092773,#ERROR,4033.89182098766,142301,0,0,11441604,145,1.26730482893832e-05,143781,0,0,11700218,0,0,142301,142152,160686,160500,143781,143684,99.7123448076394,11441604,11418980,11481393,11478783,11700218,11520895,98.2503096368636,143523,327,0.227838046863569,39615004,459383,1.15961871416194,42994266,214148,0.498085023709906,58207,122,0.209596783891972,31982746,31939784,99.8656713216557,7419704,7409659,99.8646172407956,675,653,96.7407407407407,40730,40178,98.6447336115885,0,0,#DIV/0,0,0,#DIV/0,170496007887.0,74176121.3,2298.52956583482,21200521099.0,94045810.95,225.427596241064,-2174996708.9,20580878,-105.680462655675,1632901,10886307,12519208,99.2524004299988,3.70668401986942,2.45935923298844,1.5071747023168,49557997220,4605686,0.00938578811993296
2025-07-28 00:00:00,0,0,0,0,HLTBRE1,0,0.0,0.0,#ERROR,0.0,0,0,#DIV/0,0,0,#DIV/0,0,0,#DIV/0,0,0,#DIV/0,0,0,0,0,0,0,#DIV/0,0,0,0,0,0,0,#DIV/0,0,0,#DIV/0,0,0,#DIV/0,0,0,#DIV/0,0,0,#DIV/0,0,0,#DIV/0,0,0,#DIV/0,0,0,#DIV/0,0,0,#DIV/0,0,0,#DIV/0,0,0,#DIV/0,,,,,,,0.0,0,#DIV/0,86400,0,86400,0.0,0.0,0.0,#DIV/0,49557997220,4605686,0.00938578811993296
2025-07-28 00:00:00,0,0,0,0,HLRE01,0,2366.98888888889,18616.0585111084,#ERROR,3440.29409722222,205997,4,0.00207887241959961,10086987,8,7.93101051880011e-07,219335,1,0.000455923587206784,10197212,0,0,205997,205798,235645,235268,219335,219169,99.6680755465937,10086987,10061355,10140476,10138669,10197212,10100014,98.7775254724633,219168,508,0.231785662140458,38122475,441253,1.15746157614373,36370630,212872,0.585285434978718,98719,203,0.205634173765942,30009605,29917756,99.6939346585868,6708435,6700265,99.8782130258399,1713,1668,97.3730297723292,16584,16210,97.744814278823,0,0,#DIV/0,0,0,#DIV/0,135412582871.0,52479704.178,2580.28479756115,17811848970.0,67491141.782,263.913878172831,-2191298258.5,20979933,-104.447343015824,718391,6393534,7111925,99.6687366275638,2.95369458128079,2.07990757845284,1.42010857207315,49557997220,4605686,0.00938578811993296
2025-07-28 00:00:00,0,0,0,0,HLRE02,0,1289.78611111111,19398.0952139893,#ERROR,3283.44704861111,100281,0,0,10271822,2,1.94707423863069e-07,109093,2,0.00183329819511793,10125919,6,5.92538810551418e-05,100281,100128,120386,120208,109093,109047,99.6577573142342,10271822,10250749,10310189,10308301,10125919,10035612,98.8867246880594,108935,224,0.205627208886033,34520165,407277,1.17982344522397,38462650,249839,0.649562627640061,45854,58,0.126488419767087,21588357,21561552,99.8758358498518,5124799,5119622,99.8989814039536,636,626,98.4276729559748,14217,13813,97.1583315748752,0,0,#DIV/0,0,0,#DIV/0,142346727558.0,52747270.288,2698.65581253375,17105468574.0,64645603.114,264.60374333325,-1718128628.2,16255340,-105.696259087783,2550429,20476590,23027019,98.6257516682185,3.23147784754928,2.33352193441479,1.38480714489606,49557997220,4605686,0.00938578811993296
2025-07-29 00:00:00,0,0,0,0,HLRE01,0,2444.94861111111,19297.687682251,#ERROR,3478.74375,218655,0,0,10125281,57,5.62947339436802e-06,231687,2,0.000863233586692391,10247035,9,8.78302845652425e-05,218655,218416,248781,248217,231687,231512,99.5889584438233,10125281,10098205,10180443,10178530,10247035,10150245,98.7719864201083,231520,472,0.20387007601935,38127282,449955,1.18013919796329,36388205,218341,0.600032345646069,98722,199,0.201576143108932,30079244,30032423,99.8443411676171,6789508,6781110,99.8763091522979,1581,1527,96.584440227704,16525,16126,97.5854765506808,0,0,#DIV/0,0,0,#DIV/0,140496718275.0,55049567.822,2552.18567254313,18179716950.0,69145724.164,262.918888619654,-2181187223.4,20892272,-104.401628669204,1556583,6393608,7950191,99.2822307990261,2.9911398467433,2.10686804415253,1.41970915314085,50416217146,4019485,0.00807299496042377
2025-07-29 00:00:00,0,0,0,0,HLRE02,0,1331.51388888889,19809.12277771,#ERROR,3274.31637731481,99042,0,0,10297978,3,2.91319325017008e-07,110035,0,0,10116978,18,0.000177918742138216,99042,98880,119583,119416,110035,109982,99.6489889430902,10297978,10276900,10337317,10335292,10116978,10028618,98.9043449672049,109836,219,0.199388178739211,34102143,411355,1.2062438422125,37874989,248517,0.656150685614721,47575,80,0.168155543878087,21668009,21643163,99.8853332578919,5214159,5208760,99.8964550179617,713,669,93.8288920056101,14800,14273,96.4391891891892,0,0,#DIV/0,0,0,#DIV/0,145468486956.0,54896429.588,2649.87154989399,17265287796.0,65234564.254,264.664721738236,-1714401919.9,16224028,-105.6705474066,2864787,20476881,23341668,98.4563660640389,3.2505803389732,2.33939218849933,1.38949781697714,50416217146,4019485,0.00807299496042377
2025-07-29 00:00:00,0,0,0,0,HLRE03,0,1673.47777777778,24714.7168131103,#ERROR,4191.43333333333,140548,0,0,12503439,336,2.68726068084149e-05,144664,5,0.00345628490847758,13090114,2,1.52787057469477e-05,140548,140418,158826,158611,144664,144586,99.7184666010951,12503439,12479158,12567432,12564649,13090114,12908275,98.3975762422906,144388,339,0.234784054076516,40688134,476346,1.17072461469971,43186691,217893,0.504537381666959,58282,122,0.209327064960022,32101663,32047132,99.830130295742,7545053,7534988,99.8666013346758,835,819,98.0838323353293,41450,40741,98.2895054282268,0,0,#DIV/0,0,0,#DIV/0,180423479098.0,81697278.532,2208.43928145452,22017178320.0,98125891.918,224.376847839497,-2167252671.5,20516073,-105.636818093794,2275721,10886432,13162153,98.9580948011897,3.8379838436776,2.55007621179649,1.50504672210318,50416217146,4019485,0.00807299496042377
2025-07-29 00:00:00,0,0,0,0,HLRE04,0,1261.37638888889,17701.5738413086,#ERROR,2821.02193287037,417593,4,0.000975823961357371,9065513,6,6.61848921291051e-07,419386,0,0,9173047,1,1.09015030665383e-05,417593,417517,433477,433308,419386,419334,99.9304284934773,9065513,9047453,9093865,9092237,9173047,9081970,98.7921961307232,419268,118,0.0281442895713482,30664251,353845,1.15393328863633,33960599,202015,0.594851109663878,38292,39,0.10184895017236,18588046,18568803,99.8964764774092,4542590,4538602,99.9122086739063,676,662,97.9289940828402,20504,20043,97.7516582130316,0,0,#DIV/0,0,0,#DIV/0,130355732703.0,44345329.154,2939.55947987911,14859382839.0,55874990.306,265.939783749803,-1788274061.8,16872034,-105.990425446037,1223977,10454436,11678413,99.3215325448773,2.71114320580103,1.96880184526833,1.37705234902984,50416217146,4019485,0.00807299496042377
2025-07-29 00:00:00,0,0,0,0,HLTBRE1,0,0.0,0.0,#ERROR,0.0,0,0,#DIV/0,0,0,#DIV/0,0,0,#DIV/0,0,0,#DIV/0,0,0,0,0,0,0,#DIV/0,0,0,0,0,0,0,#DIV/0,0,0,#DIV/0,0,0,#DIV/0,0,0,#DIV/0,0,0,#DIV/0,0,0,#DIV/0,0,0,#DIV/0,0,0,#DIV/0,0,0,#DIV/0,0,0,#DIV/0,0,0,#DIV/0,,,,,,,0.0,0,#DIV/0,86400,0,86400,0.0,0.0,0.0,#DIV/0,50416217146,4019485,0.00807299496042377
2025-07-30 00:00:00,0,0,0,0,HLRE01,0,2502.84166666667,19383.9790839844,#ERROR,3451.22870370369,250487,0,0,10157290,5,4.92257285161692e-07,243353,5,0.0020546284615353,10208282,1,9.79596762706986e-06,250487,250251,276825,275907,243353,243189,99.5073734771726,10157290,10132756,10211809,10210040,10208282,10115398,98.8336442914321,243304,795,0.326751718015322,37849411,443943,1.17291917699855,36083910,214125,0.593408530283996,97099,225,0.231722262845137,29747260,29664503,99.7217995875923,6734150,6726337,99.8839794183379,1733,1707,98.4997114829775,16098,15789,98.0805068952665,0,0,#DIV/0,0,0,#DIV/0,141218372943.0,54961582.636,2569.4015013771,18129476344.0,69253183.04,261.78545950052,-2193285689.2,20997794,-104.453148230714,518504,6393655,6912159,99.7609082189759,2.96875598659004,2.09176872377303,1.41925632258003,48473444179,4349533,0.009093266562681
2025-07-30 00:00:00,0,0,0,0,HLRE02,0,1310.63611111111,19652.9671917725,#ERROR,3240.80283564815,108880,0,0,10131827,9,8.88289940205256e-07,112347,0,0,9956633,17,0.000170740450109992,108880,108708,128583,128300,112347,112285,99.5673065830723,10131827,10110592,10170931,10168791,9956633,9872016,98.9215207229689,112067,288,0.256989122578458,33478717,419936,1.25433719577725,37114654,254289,0.68514447150713,46722,111,0.237575446256581,21204472,21171018,99.8422313934532,5075961,5070688,99.8961181931855,618,597,96.6019417475728,14266,13861,97.1610822935651,0,0,#DIV/0,0,0,#DIV/0,144191817725.0,54817517.938,2630.39668976046,17072669793.0,66554976.522,256.519807911833,-1695988184.1,16047203,-105.687463672018,4624088,20476918,25101006,97.5084014414787,3.20543563579278,2.31054712483284,1.38730589016862,48473444179,4349533,0.009093266562681
2025-07-30 00:00:00,0,0,0,0,HLRE03,0,1764.39027777778,22300.4618574219,#ERROR,3755.14913194444,156324,0,0,11832303,256,2.16356866452795e-05,150438,1,0.000664725667716933,12370386,0,0,156324,156094,170676,170082,150438,150344,99.4431787561269,11832303,11808749,11877874,11875009,12370386,12180745,98.2472589608464,150148,500,0.333004768628287,36815998,456418,1.23972735982874,38797707,212633,0.548055584831341,56976,161,0.282575119348498,32194186,32117697,99.7624136233791,7334673,7324746,99.8646565429706,768,745,97.0052083333333,36175,35496,98.1230131306151,0,0,#DIV/0,0,0,#DIV/0,162273894109.0,70508525.336,2301.47905286209,19757579975.0,92585823.772,213.39746378079,-2150406474.2,20347487,-105.684130634903,3950479,10886442,14836921,98.191331622861,3.6135264233374,2.35211593498686,1.53628754841014,48473444179,4349533,0.009093266562681
2025-07-30 00:00:00,0,0,0,0,HLRE04,0,1253.51666666667,17275.5196838379,#ERROR,2748.69855324074,400376,0,0,8649297,106,1.22553312714317e-05,401178,0,0,8657912,0,0,400376,400290,415847,415625,401178,401131,99.9134399105962,8649297,8630015,8667814,8666189,8657912,8570834,98.7550310296644,401049,149,0.0371525673920144,30004170,348790,1.16247174976012,33570236,202143,0.602149475505623,39486,50,0.126627158993061,18760167,18734677,99.8641270091039,4618973,4614817,99.9100232887267,641,630,98.2839313572543,20718,20030,96.6792161405541,0,0,#DIV/0,0,0,#DIV/0,126907955813.0,42852163.772,2961.52970216927,14622065293.0,54850429.14,266.580690839787,-1785510200.9,16846807,-105.985080787119,1486343,10454422,11940765,99.1760994261743,2.65663266745669,1.92203670786073,1.38219663370196,48473444179,4349533,0.009093266562681
2025-07-30 00:00:00,0,0,0,0,HLTBRE1,0,0.0,0.0,#ERROR,0.0,0,0,#DIV/0,0,0,#DIV/0,0,0,#DIV/0,0,0,#DIV/0,0,0,0,0,0,0,#DIV/0,0,0,0,0,0,0,#DIV/0,0,0,#DIV/0,0,0,#DIV/0,0,0,#DIV/0,0,0,#DIV/0,0,0,#DIV/0,0,0,#DIV/0,0,0,#DIV/0,0,0,#DIV/0,0,0,#DIV/0,0,0,#DIV/0,,,,,,,0.0,0,#DIV/0,86400,0,86400,0.0,0.0,0.0,#DIV/0,48473444179,4349533,0.009093266562681
2025-07-31 00:00:00,0,0,0,0,HLTBRE1,0,0.0,0.0,#ERROR,0.0,0,0,#DIV/0,0,0,#DIV/0,0,0,#DIV/0,0,0,#DIV/0,0,0,0,0,0,0,#DIV/0,0,0,0,0,0,0,#DIV/0,0,0,#DIV/0,0,0,#DIV/0,0,0,#DIV/0,0,0,#DIV/0,0,0,#DIV/0,0,0,#DIV/0,0,0,#DIV/0,0,0,#DIV/0,0,0,#DIV/0,0,0,#DIV/0,,,,,,,0.0,0,#DIV/0,86400,0,86400,0.0,0.0,0.0,#DIV/0,48181803147,3856998,0.00812507198338338
2025-07-31 00:00:00,0,0,0,0,HLRE03,0,1792.29305555556,21839.050859375,#ERROR,3656.51111111111,147136,0,0,11398625,151,1.32472118347608e-05,146719,2,0.00136314996694361,11912515,0,0,147136,146948,163941,163729,146719,146624,99.6784942030527,11398625,11375730,11442784,11440073,11912515,11726863,98.2205351783792,146441,336,0.229443939880225,36150268,426891,1.18087921229242,38408861,200539,0.522116498065381,56295,141,0.250466293631761,31325096,31276909,99.8461712615342,7006211,6996680,99.8639635603324,731,718,98.2216142270862,33697,33168,98.4301273110366,0,0,#DIV/0,0,0,#DIV/0,159518383089.0,66539894.148,2397.33448830253,19545061472.0,88133577.474,221.766346404875,-2158876729.1,20414641,-105.75139328191,3333844,10886309,14220153,98.4736488367323,3.51160143974988,2.29178188570214,1.53225813575799,48181803147,3856998,0.00812507198338338
2025-07-31 00:00:00,0,0,0,0,HLRE04,0,1070.05416666667,17073.4586838379,#ERROR,2725.14733796297,184164,0,0,8529404,0,0,186627,0,0,8504417,2,2.35171911255057e-05,184164,184093,198596,198467,186627,186573,99.8676116793528,8529404,8511253,8550071,8548560,8504417,8419487,98.7732040015722,186514,146,0.0782783061861308,29273527,347058,1.18556947374329,32741240,198664,0.606769932965276,36881,65,0.176242509693338,17973203,17954194,99.8942369927052,4390727,4386573,99.9053915217229,666,634,95.1951951951952,20002,19253,96.2553744625537,0,0,#DIV/0,0,0,#DIV/0,125444802813.0,42940918.21,2921.33489553064,14424872502.0,54807669.53,263.190765557077,-1769977119.7,16700606,-105.982808031038,3017086,10454318,13471404,98.3275873155243,2.61635277354551,1.89837586761469,1.3782058749161,48181803147,3856998,0.00812507198338338
2025-07-31 00:00:00,0,0,0,0,HLRE01,0,2393.125,19318.10965625,#ERROR,3446.05108796296,211954,0,0,9862992,5,5.06945559724676e-07,224210,3,0.00133803130993265,9996942,0,0,211954,211719,242302,241955,224210,224059,99.67889938935,9862992,9838984,9917768,9915963,9996942,9903043,98.8016093009576,224067,499,0.222701245609572,37902582,437475,1.15420896655537,36531667,214398,0.586882607902892,100012,227,0.226972763268408,30242350,30147717,99.6870845023618,6829076,6820797,99.878768372178,1771,1681,94.918125352908,16804,16356,97.3339681028327,0,0,#DIV/0,0,0,#DIV/0,140477825399.0,54295708.202,2587.27310225646,18352362359.0,68307658.57,268.672104171057,-2194902100.2,20997313,-104.532522813752,552027,6379998,6932025,99.745450143869,2.96559683369321,2.08707243898721,1.42093622544904,48181803147,3856998,0.00812507198338338
2025-07-31 00:00:00,0,0,0,0,HLRE02,0,1317.67638888889,19685.5470362549,#ERROR,3249.87957175926,101828,0,0,10217343,0,0,112232,0,0,9994716,6,6.00317207612503e-05,101828,101679,122631,122413,112232,112177,99.6273189313042,10217343,10195187,10259137,10257093,9994716,9907051,98.8882354200561,112009,216,0.192841646653394,33864655,407109,1.20216491205949,37744898,249164,0.660126303692753,47527,82,0.172533507269552,22002959,21975916,99.8770938036107,5302650,5297390,99.9008043148237,735,728,99.0476190476191,14941,14614,97.8113914731276,0,0,#DIV/0,0,0,#DIV/0,144647866931.0,54112111.478,2673.11444665782,17120873269.0,64924089.396,263.706020804888,-1701711393.6,16095251,-105.727546193595,4147782,20476598,24624380,97.7650495292779,3.22744818012675,2.32179959590674,1.39006320175809,48181803147,3856998,0.00812507198338338
2025-08-01 00:00:00,0,0,0,0,HLRE01,0,2370.36944444444,19562.7054741211,#ERROR,3428.74666005291,208183,0,0,9804095,0,0,223319,1,0.000447789932786731,9831445,0,0,208183,207995,238475,238074,223319,223140,99.6617475326072,9804095,9779481,9855465,9853728,9831445,9735677,98.7598790341593,223025,446,0.199977580988678,37042239,428354,1.15639338108045,35821919,204534,0.570974436070831,99614,184,0.184712992149698,30074111,30023495,99.8316957731519,6816887,6808374,99.8751189509229,1768,1707,96.5497737556561,16972,16499,97.2130567994344,0,0,#DIV/0,0,0,#DIV/0,142358115799.0,55923668.942,2545.57897384457,18577819067.0,69176771.5,268.55574008683,-2189547682.5,20943686,-104.544523943875,1159922,6282366,7442288,99.4651385199941,2.95447393929655,2.07613894919146,1.42306175626981,48944025782,3949237,0.00819067876751771
2025-08-01 00:00:00,0,0,0,0,HLRE02,0,1332.74583333333,19917.7348590088,#ERROR,3247.56377314815,101367,0,0,10073263,1,9.9272698429496e-08,110285,0,0,9861192,13,0.000131829904538924,101367,101237,122652,122495,110285,110222,99.6869344277689,10073263,10051256,10112499,10110313,9861192,9775167,98.8896959463412,110191,230,0.208728480547413,33378339,396723,1.18856423622518,37418039,243239,0.65005811769024,47983,96,0.200070858429027,21591849,21566365,99.8819739800885,5210333,5205208,99.9016377648031,660,652,98.7878787878788,15193,14706,96.7945764496808,0,0,#DIV/0,0,0,#DIV/0,146429747898.0,54820590.756,2671.07205301274,17575131844.0,65469453.898,268.447814936439,-1722686276.2,16290628,-105.747075938386,2194792,20476830,22671622,98.8173796468722,3.22810083435083,2.32148598755742,1.39053212108651,48944025782,3949237,0.00819067876751771
2025-08-01 00:00:00,0,0,0,0,HLRE03,0,1761.7375,22247.1422484131,#ERROR,3638.95124834656,147495,0,0,11156325,4307,0.000386059029295041,146370,0,0,11379478,0,0,147495,147285,164560,164382,146370,146277,99.6862305467239,11156325,11130617,11192631,11189882,11379478,11203003,98.1981970608653,146030,330,0.22598096281586,35528763,419900,1.18185932901745,38605195,199219,0.516041947204256,56964,151,0.265079699459308,31526296,31473541,99.8326635009707,7234564,7224974,99.8674419080404,674,668,99.1097922848665,37381,36858,98.6008935020465,0,0,#DIV/0,0,0,#DIV/0,162669611394.0,66660172.076,2440.28190039081,19835577140.0,88237061.448,224.798704926155,-2169384045.4,20507431,-105.785266101834,2365937,10886442,13252379,98.9167907400082,3.48116018735837,2.27319499818513,1.5313953225032,48944025782,3949237,0.00819067876751771
2025-08-01 00:00:00,0,0,0,0,HLRE04,0,1017.10138888889,17502.4001470947,#ERROR,2742.10358796296,96591,0,0,8537014,49,5.73971180087089e-06,103689,1,0.000964422455612457,8375851,5,5.96954267691725e-05,96591,96516,112133,112045,103689,103661,99.8169740291491,8537014,8518782,8553124,8551452,8375851,8290417,98.7493027145845,103596,107,0.103285841152168,29209321,339218,1.16133476707658,33097124,197639,0.597148561911301,37753,34,0.0900590681535242,17938537,17920734,99.9007555632881,4392011,4387871,99.9057379410024,589,577,97.9626485568761,20756,20271,97.6633262671035,0,0,#DIV/0,0,0,#DIV/0,128705100812.0,43553696.724,2955.0901643919,14959714537.0,54759479.374,273.189495371699,-1791582962.6,16897210,-106.028330274643,1058370,10454442,11512812,99.413330805662,2.62027784831556,1.90425166469161,1.37601447166906,48944025782,3949237,0.00819067876751771
2025-08-01 00:00:00,0,0,0,0,HLTBRE1,0,0.0,0.0,#ERROR,0.0,0,0,#DIV/0,0,0,#DIV/0,0,0,#DIV/0,0,0,#DIV/0,0,0,0,0,0,0,#DIV/0,0,0,0,0,0,0,#DIV/0,0,0,#DIV/0,0,0,#DIV/0,0,0,#DIV/0,0,0,#DIV/0,0,0,#DIV/0,0,0,#DIV/0,0,0,#DIV/0,0,0,#DIV/0,0,0,#DIV/0,0,0,#DIV/0,,,,,,,0.0,0,#DIV/0,86400,0,86400,0.0,0.0,0.0,#DIV/0,48944025782,3949237,0.00819067876751771
2025-08-02 00:00:00,0,0,0,0,HLTBRE1,0,0.0,0.0,#ERROR,0.0,0,0,#DIV/0,0,0,#DIV/0,0,0,#DIV/0,0,0,#DIV/0,0,0,0,0,0,0,#DIV/0,0,0,0,0,0,0,#DIV/0,0,0,#DIV/0,0,0,#DIV/0,0,0,#DIV/0,0,0,#DIV/0,0,0,#DIV/0,0,0,#DIV/0,0,0,#DIV/0,0,0,#DIV/0,0,0,#DIV/0,0,0,#DIV/0,,,,,,,0.0,0,#DIV/0,86400,0,86400,0.0,0.0,0.0,#DIV/0,50445253001,3692959,0.0074322613308819
2025-08-02 00:00:00,0,0,0,0,HLRE01,0,2147.85277777778,18678.8469234619,#ERROR,3300.57303240741,189227,0,0,9510200,204,2.14506529831129e-05,204720,4,0.00195388823759281,9606032,1,1.04101256377243e-05,189227,189074,218104,217734,204720,204557,99.670216452143,9510200,9486500,9561579,9559768,9606032,9516126,98.7984771723439,204561,453,0.221449836479094,36186810,405878,1.12161862291813,34794008,198302,0.56993146636053,92912,181,0.194807990356466,28874030,28789606,99.707612688634,6562893,6555030,99.8801900320484,1469,1432,97.4812797821648,16005,15645,97.7507029053421,0,0,#DIV/0,0,0,#DIV/0,135819260956.0,51443771.85,2640.14974158626,17881830534.0,66100025.872,270.526831088197,-2195864762.6,21000929,-104.560363143935,747139,6134441,6881580,99.6554803932418,2.83224226686711,1.99208350416837,1.42174876752944,50445253001,3692959,0.0074322613308819
2025-08-02 00:00:00,0,0,0,0,HLRE02,0,1305.04166666667,20218.3247071533,#ERROR,3335.03206018519,98881,0,0,10280240,1,9.72739936032622e-08,110122,0,0,10090228,21,0.000208122155416111,98881,98753,120515,120357,110122,110062,99.6852740151787,10280240,10257472,10316905,10314791,10090228,10005193,98.9173740008492,109934,211,0.191933341823276,34770955,406914,1.17026984159624,38854448,255656,0.657983868410639,48642,73,0.150076065951236,22469796,22437407,99.8558553891633,5463319,5457878,99.9004085245617,692,680,98.2658959537572,16193,15581,96.220589143457,0,0,#DIV/0,0,0,#DIV/0,148475083541.0,54614302.644,2718.61172537212,18026576059.0,66565881.964,270.808040502627,-1727940728.2,16352342,-105.669311967668,1583719,20476866,22060585,99.1466442728809,3.29920925635211,2.37671921332636,1.388135896682,50445253001,3692959,0.0074322613308819
2025-08-02 00:00:00,0,0,0,0,HLRE03,0,1792.17777777778,24621.073477417,#ERROR,4102.22638888889,148283,0,0,12699075,170,1.33868017946189e-05,149864,4,0.00266908663855229,13281496,0,0,148283,148106,168500,168343,149864,149775,99.7283087773087,12699075,12673594,12764620,12761678,13281496,13110412,98.4910887078285,149567,389,0.260084109462649,40249340,478030,1.18767164877735,43535030,228463,0.524779700392994,61528,126,0.204784813418281,32341968,32291160,99.842903808451,7643386,7632870,99.862416996865,828,799,96.4975845410628,39751,39261,98.7673266081356,0,0,#DIV/0,0,0,#DIV/0,179332624953.0,77021335.832,2328.34996972998,22675458689.0,96200922.392,235.709368737671,-2169826791.5,20535677,-105.661322560732,2083873,10886436,12970309,99.0459295702942,3.77719363702097,2.51061489515546,1.5044894556746,50445253001,3692959,0.0074322613308819
2025-08-02 00:00:00,0,0,0,0,HLRE04,0,1014.19444444444,17947.2643347168,#ERROR,2860.30775462963,99070,0,0,9156620,45,4.91447717607589e-06,107084,0,0,9203892,1,1.08649688631722e-05,99070,99003,115601,115455,107084,107035,99.7604902066755,9156620,9137596,9183673,9182275,9203892,9113662,98.7988862801111,106941,111,0.103795550817741,30738790,351670,1.14405934651299,34204072,201307,0.588546884125376,39666,41,0.103363081732466,19286886,19267066,99.8972358731212,4696994,4692711,99.908814020201,734,729,99.3188010899183,20791,20233,97.3161464095041,0,0,#DIV/0,0,0,#DIV/0,131579409881.0,45433821.128,2896.0674364215,15601674487.0,57330643.94,272.134994739081,-1773700992.1,16739558,-105.958651482913,2634931,10454431,13089362,98.5394211410884,2.74578395688731,1.99212022459229,1.37832241397442,50445253001,3692959,0.0074322613308819
2025-08-03 00:00:00,0,0,0,0,HLTBRE1,0,0.0,0.0,#ERROR,0.0,0,0,#DIV/0,0,0,#DIV/0,0,0,#DIV/0,0,0,#DIV/0,0,0,0,0,0,0,#DIV/0,0,0,0,0,0,0,#DIV/0,0,0,#DIV/0,0,0,#DIV/0,0,0,#DIV/0,0,0,#DIV/0,0,0,#DIV/0,0,0,#DIV/0,0,0,#DIV/0,0,0,#DIV/0,0,0,#DIV/0,0,0,#DIV/0,,,,,,,0.0,0,#DIV/0,86399,0,86399,0.00115740740740478,0.0,0.0,#DIV/0,48799620713,3889353,0.00804440666308686
2025-08-03 00:00:00,0,0,0,0,HLRE04,0,990.683333333333,17840.0901173096,#ERROR,2636.74612268518,96313,0,0,7610246,1,1.31401796998415e-07,105152,2,0.00190200852099817,7560523,2,2.6453196425697e-05,96313,96238,112639,112524,105152,105109,99.7792926973539,7610246,7592897,7628719,7627331,7560523,7488272,98.8005951748515,104999,132,0.1257154830046,27983240,318561,1.13839927042044,32102573,187325,0.583520205685694,38269,39,0.101910162272335,19254190,19234516,99.8978196434127,4814901,4810401,99.9065401344701,650,640,98.4615384615385,16914,16500,97.5523235189784,0,0,#DIV/0,0,0,#DIV/0,131282504152.0,41585440.744,3156.93429727426,15080117115.0,52792075.602,285.651150159148,-1786850520.7,16859976,-105.981795033397,1429165,10454301,11883466,99.207793985916,2.54171286891259,1.84030528751199,1.38113653542172,48799620713,3889353,0.00804440666308686
2025-08-03 00:00:00,0,0,0,0,HLRE02,0,1273.43472222222,20286.8128133545,#ERROR,3235.50439814816,99856,0,0,9663068,6,6.20920809001861e-07,109684,0,0,9465390,18,0.000190166490762663,99856,99721,120775,120599,109684,109615,99.6565454172391,9663068,9641273,9696686,9694799,9465390,9388563,98.9453601701959,109522,217,0.19813370829605,32875287,401068,1.21996805685681,37015509,244951,0.661752348184649,47594,90,0.189099466319284,21972508,21942577,99.8637797742524,5451920,5446255,99.8960916521152,609,605,99.3431855500821,14407,13537,93.9612688276532,0,0,#DIV/0,0,0,#DIV/0,148957024823.0,53559318.438,2781.15982740579,17968885065.0,66136338.406,271.694585731251,-1705189847.8,16141952,-105.63715266902,3685007,20476917,24161924,98.0144067047727,3.22377318448747,2.3112259433688,1.39483255357914,48799620713,3889353,0.00804440666308686
2025-08-03 00:00:00,0,0,0,0,HLRE01,0,1838.53055555556,18436.3783170166,#ERROR,3150.09947916666,164389,0,0,9030392,0,0,176125,1,0.00056777856635912,9015194,5,5.54619235038092e-05,164389,164251,190155,189800,176125,176003,99.6604380663442,9030392,9008169,9076619,9075046,9015194,8933016,98.8274720464563,175932,335,0.19041447832117,34105081,388602,1.13942553017247,32913596,187368,0.569272345689605,82195,146,0.177626376300262,27240949,27163484,99.7156303181655,6251672,6244408,99.8838070839289,1232,1204,97.7272727272727,14505,14143,97.5043088590141,0,0,#DIV/0,0,0,#DIV/0,134576469976.0,50033980.576,2689.70144743097,17206861739.0,63715311.626,270.058503990405,-2197547280.3,21010741,-104.591612466214,659383,6134416,6793799,99.6959463073632,2.68815600656007,1.89182725160585,1.42093100957197,48799620713,3889353,0.00804440666308686
2025-08-03 00:00:00,0,0,0,0,HLRE03,0,1674.10694444444,24384.5463331299,#ERROR,3864.43825231482,137645,0,0,11651001,2,1.71659070323657e-07,141752,0,0,12099218,1,8.26499696096062e-06,137645,137455,156743,156528,141752,141666,99.6644833890273,11651001,11629234,11711218,11708550,12099218,11951884,98.5752726689099,141451,288,0.203604074909333,37515853,449110,1.19712058792852,40869412,213682,0.52284089626736,58135,117,0.20125569794444,31800242,31755510,99.8593344038074,7706173,7695543,99.8620586379257,763,727,95.2817824377457,40907,40324,98.5748160461535,0,0,#DIV/0,0,0,#DIV/0,177972909854.0,71229450.356,2498.58603378944,22116028187.0,92301126.68,239.607348062764,-2168118380.4,20514549,-105.68686547289,2295650,10886433,13182083,98.9489706033169,3.57273000723066,2.37010556760665,1.50741387053,48799620713,3889353,0.00804440666308686
2025-08-04 00:00:00,0,0,0,0,HLTBRE1,0,0.0,0.0,#ERROR,0.0,0,0,#DIV/0,0,0,#DIV/0,0,0,#DIV/0,0,0,#DIV/0,0,0,0,0,0,0,#DIV/0,0,0,0,0,0,0,#DIV/0,0,0,#DIV/0,0,0,#DIV/0,0,0,#DIV/0,0,0,#DIV/0,0,0,#DIV/0,0,0,#DIV/0,0,0,#DIV/0,0,0,#DIV/0,0,0,#DIV/0,0,0,#DIV/0,,,,,,,0.0,0,#DIV/0,86401,0,86401,-0.00115740740740478,0.0,0.0,#DIV/0,48741454895,4025560,0.00831702999789564
2025-08-04 00:00:00,0,0,0,0,HLRE01,0,2433.02777777778,18887.2773527832,#ERROR,3430.95532407408,214366,0,0,9735695,2,2.05429607233998e-07,231512,1,0.000431943052627942,9786529,2,2.04362547742923e-05,214366,214182,245106,244712,231512,231343,99.680738213643,9735695,9711329,9791667,9789951,9786529,9693647,98.7857049769052,231224,489,0.211483237034218,37721051,415476,1.10144332934944,36442477,206157,0.565705234581063,101511,230,0.226576430140576,30224549,30180885,99.8555346516502,6876699,6868464,99.8802477758587,1778,1696,95.3880764904387,16685,16246,97.368894216362,0,0,#DIV/0,0,0,#DIV/0,136849054307.0,53500412.708,2557.9065166078,18410371981.0,68930850.212,267.08464967976,-2183941058.7,20903317,-104.4782059565,1705537,6134336,7839873,99.2135453556146,2.96017550453282,2.07630717279395,1.42569247138395,48741454895,4025560,0.00831702999789564
2025-08-04 00:00:00,0,0,0,0,HLRE02,0,1355.14722222222,18928.6414053955,#ERROR,3201.45277777777,107918,0,0,9910891,0,0,120228,0,0,9762319,12,0.00012292161319457,107918,107757,129684,129443,120228,120164,99.6121995584144,9910891,9889220,9946983,9944886,9762319,9677398,98.8925054225728,120145,234,0.194764659369928,33627567,388765,1.15609018041656,37569644,240319,0.639662702153899,49095,83,0.169059985741929,21735920,21706254,99.8635162440789,5280270,5274962,99.899474837461,669,667,99.7010463378176,13610,13119,96.3923585598824,0,0,#DIV/0,0,0,#DIV/0,138657259993.0,51772913.068,2678.1815388847,16740081778.0,64085449.088,261.215018638835,-1697753323.0,16072792,-105.629023445335,4372541,20476587,24849128,97.6439425779364,3.18738298738299,2.2875,1.3933914698942,48741454895,4025560,0.00831702999789564
2025-08-04 00:00:00,0,0,0,0,HLRE03,0,1836.83611111111,22811.7406027832,#ERROR,3861.06614583333,152001,0,0,11914537,18,1.51075950328578e-06,153547,2,0.00130253277498095,12294454,2,1.62674975236802e-05,152001,151848,170685,170489,153547,153450,99.7215901567034,11914537,11892918,11968230,11965339,12294454,12127215,98.4369538174168,153228,239,0.155976714438614,38490828,439887,1.14283589846391,41941869,217162,0.517769010246062,59280,99,0.167004048582996,31773090,31730311,99.8653609076108,7475348,7465521,99.8685412371437,715,707,98.8811188811189,41253,39629,96.063316607277,0,0,#DIV/0,0,0,#DIV/0,166232059246.0,69519736.886,2391.14914256064,20602666901.0,90804836.418,226.889532691411,-2164110382.2,20479286,-105.673136368133,2642343,10886311,13528654,98.7902423413326,3.59277981680564,2.37072997197421,1.51547407730024,48741454895,4025560,0.00831702999789564
2025-08-04 00:00:00,0,0,0,0,HLRE04,0,1021.01527777778,17014.6545665283,#ERROR,2719.30179398149,87430,0,0,8703945,1,1.14890431867389e-07,95964,2,0.00208411487641199,8623217,2,2.31932004030514e-05,87430,87357,103568,103461,95964,95923,99.7706325507912,8703945,8686039,8726679,8725194,8623217,8536132,98.7696545600282,95817,116,0.121064111796445,29638666,324042,1.09330831556319,33212450,193320,0.582070880046489,38870,40,0.102907126318498,19931983,19905764,99.8684576441792,4852952,4848647,99.9112911069386,698,695,99.5702005730659,20331,19786,97.3193645172397,0,0,#DIV/0,0,0,#DIV/0,124626248480.0,41794827.266,2981.85820189723,14806599176.0,53703889.962,275.708131877913,-1785562097.3,16850875,-105.962574483521,1524602,10454451,11979053,99.1548919309635,2.65108592912364,1.91015602956944,1.38788972632838,48741454895,4025560,0.00831702999789564
2025-08-05 00:00:00,0,0,0,0,HLRE03,0,1767.73472222222,22528.2830065918,#ERROR,3688.90241126544,145733,0,0,11526806,136,1.17985849679434e-05,146807,0,0,11733767,0,0,145733,145579,163763,163492,146807,146718,99.6685595886893,11526806,11504866,11577468,11574540,11733767,11567825,98.3732413650017,146526,404,0.275718985026548,35789255,434566,1.21423594875054,39498688,207873,0.526278239925336,57041,162,0.284006241124805,30139273,30080473,99.8049057122247,7044574,7034896,99.8626176685773,719,707,98.3310152990264,40027,39603,98.9407150173633,0,0,#DIV/0,0,0,#DIV/0,164431803913.0,69581966.704,2363.1382052262,19961929904.0,90529826.478,220.501139575817,-2149703251.7,20334392,-105.717606491505,4090452,10886429,14976881,98.1272470552039,3.47265670303609,2.28205519764575,1.52172335998647,48060737136,5357875,0.0112418165366018
2025-08-05 00:00:00,0,0,0,0,HLRE04,0,1017.39027777778,16952.9163052979,#ERROR,2606.17789351852,87018,0,0,8354584,614,7.34925880211391e-05,95449,1,0.00104767991283303,8218965,3,3.65009462870325e-05,87018,86961,102363,102238,95449,95413,99.7748161206035,8354584,8337189,8375793,8374435,8218965,8135603,98.7636232493801,95329,140,0.146859822299615,27672519,318977,1.1526850880471,31426862,179256,0.570391024086337,37984,51,0.134267059814659,17960733,17940459,99.8871204198626,4335042,4330960,99.9058371291443,659,646,98.0273141122914,18449,18115,98.1896037725622,0,0,#DIV/0,0,0,#DIV/0,124372927526.0,42149789.35,2950.73663342045,14507581139.0,52857299.082,274.466940062407,-1771309028.8,16715906,-105.965481547934,2869617,10454436,13324053,98.4093314309281,2.52372079735907,1.82692991366176,1.3813998985329,48060737136,5357875,0.0112418165366018
2025-08-05 00:00:00,0,0,0,0,HLRE01,0,2443.53055555556,19175.0816917725,#ERROR,3310.28559027777,240163,0,0,9187579,144,1.56733346184016e-05,230354,6,0.00260468669960148,9313583,1,1.07370063701585e-05,240163,239973,270063,269706,230354,230172,99.7099583036642,9187579,9163543,9238686,9236954,9313583,9223871,98.7591494735667,230068,524,0.227758749587079,35274811,408203,1.1572081846165,34464603,191922,0.556866997713567,99759,214,0.214516985936106,28756180,28665962,99.6862657001034,6581851,6573968,99.8802312601729,1734,1707,98.4429065743945,15952,15564,97.567703109328,0,0,#DIV/0,0,0,#DIV/0,139020562394.0,54542757.166,2548.83635550167,18413384523.0,67789611.716,271.625460847034,-2192600283.5,20975923,-104.529382735625,994151,6134419,7128570,99.5415785930353,2.86378695731402,2.0110086100861,1.42405504528964,48060737136,5357875,0.0112418165366018
2025-08-05 00:00:00,0,0,0,0,HLRE02,0,1322.00972222222,19016.5265036621,#ERROR,3095.3634837963,107008,0,0,9731335,29,2.98006388640408e-06,117352,0,0,9576773,9,9.39773763041058e-05,107008,106805,126829,126645,117352,117285,99.6085903381015,9731335,9708915,9765519,9763504,9576773,9489155,98.8364190460968,117292,267,0.227637008491628,31505626,379913,1.20585764586934,35273451,223595,0.633890344327239,46622,100,0.214491012826563,20623282,20586163,99.8200140986289,5022308,5017133,99.8969597244932,722,705,97.6454293628809,14262,13822,96.9148786986397,0,0,#DIV/0,0,0,#DIV/0,139299931600.0,53310954.568,2612.97012459828,16670371084.0,64532694.52,258.324423115999,-1705644845.7,16139201,-105.683351096501,3702488,20476884,24179372,98.004987412925,3.10114250828537,2.2216273475202,1.39588779898073,48060737136,5357875,0.0112418165366018
2025-08-05 00:00:00,0,0,0,0,HLTBRE1,0,0.0,0.0,#ERROR,0.0,0,0,#DIV/0,0,0,#DIV/0,0,0,#DIV/0,0,0,#DIV/0,0,0,0,0,0,0,#DIV/0,0,0,0,0,0,0,#DIV/0,0,0,#DIV/0,0,0,#DIV/0,0,0,#DIV/0,0,0,#DIV/0,0,0,#DIV/0,0,0,#DIV/0,0,0,#DIV/0,0,0,#DIV/0,0,0,#DIV/0,0,0,#DIV/0,,,,,,,0.0,0,#DIV/0,86400,0,86400,0.0,0.0,0.0,#DIV/0,48060737136,5357875,0.0112418165366018
