Index,Start Time,End Time,Query Granularity,RNS SubNetwork,RNC Managed NE,RNC Managed NE Name,Location Name,NodeB,NodeB Name,Cell,Cell Name,OID,location(LAC),Local CellID,Latitude,Longitude,Antenna Height,Antenna Azimuth,Address,Average Cell Freq RTWP(dBm)
1,2025-07-29 09:00:00,2025-07-29 10:00:00,1Hour(s),101,101,HNRZ01(101),,60256,U144079(60256),60256,U144079A10M(60256),"urop:OMMOID=iz3nj3pv-3@sbn=101@me=101,RncFunction=101,IubLink=60256,UtranCell=60256",1013,60256,21.11558,105.28366,0,0,,-104.5748
2,2025-07-29 10:00:00,2025-07-29 11:00:00,1Hour(s),101,101,HNRZ01(101),,60256,U144079(60256),60256,U144079A10M(60256),"urop:OMMOID=iz3nj3pv-3@sbn=101@me=101,RncFunction=101,IubLink=60256,UtranCell=60256",1013,60256,21.11558,105.28366,0,0,,-104.6038
3,2025-07-29 11:00:00,2025-07-29 12:00:00,1Hour(s),101,101,HNRZ01(101),,60256,U144079(60256),60256,U144079A10M(60256),"urop:OMMOID=iz3nj3pv-3@sbn=101@me=101,RncFunction=101,IubLink=60256,UtranCell=60256",1013,60256,21.11558,105.28366,0,0,,-104.6618
4,2025-07-29 12:00:00,2025-07-29 13:00:00,1Hour(s),101,101,HNRZ01(101),,60256,U144079(60256),60256,U144079A10M(60256),"urop:OMMOID=iz3nj3pv-3@sbn=101@me=101,RncFunction=101,IubLink=60256,UtranCell=60256",1013,60256,21.11558,105.28366,0,0,,-104.9229
5,2025-07-29 13:00:00,2025-07-29 14:00:00,1Hour(s),101,101,HNRZ01(101),,60256,U144079(60256),60256,U144079A10M(60256),"urop:OMMOID=iz3nj3pv-3@sbn=101@me=101,RncFunction=101,IubLink=60256,UtranCell=60256",1013,60256,21.11558,105.28366,0,0,,-104.6753
6,2025-07-29 14:00:00,2025-07-29 15:00:00,1Hour(s),101,101,HNRZ01(101),,60256,U144079(60256),60256,U144079A10M(60256),"urop:OMMOID=iz3nj3pv-3@sbn=101@me=101,RncFunction=101,IubLink=60256,UtranCell=60256",1013,60256,21.11558,105.28366,0,0,,-104.5737
7,2025-07-29 15:00:00,2025-07-29 16:00:00,1Hour(s),101,101,HNRZ01(101),,31090,U226028(31090),31091,U226028A20M(31091),"urop:OMMOID=iz3nj3pv-3@sbn=101@me=101,RncFunction=101,IubLink=31090,UtranCell=31091",1022,31091,18.36949,105.92263,0,0,,-104.9913
8,2025-07-29 15:00:00,2025-07-29 16:00:00,1Hour(s),101,101,HNRZ01(101),,60256,U144079(60256),60256,U144079A10M(60256),"urop:OMMOID=iz3nj3pv-3@sbn=101@me=101,RncFunction=101,IubLink=60256,UtranCell=60256",1013,60256,21.11558,105.28366,0,0,,-104.7274
9,2025-07-29 16:00:00,2025-07-29 17:00:00,1Hour(s),101,101,HNRZ01(101),,60256,U144079(60256),60256,U144079A10M(60256),"urop:OMMOID=iz3nj3pv-3@sbn=101@me=101,RncFunction=101,IubLink=60256,UtranCell=60256",1013,60256,21.11558,105.28366,0,0,,-104.688
10,2025-07-29 17:00:00,2025-07-29 18:00:00,1Hour(s),101,101,HNRZ01(101),,60256,U144079(60256),60256,U144079A10M(60256),"urop:OMMOID=iz3nj3pv-3@sbn=101@me=101,RncFunction=101,IubLink=60256,UtranCell=60256",1013,60256,21.11558,105.28366,0,0,,-104.7669
11,2025-07-29 18:00:00,2025-07-29 19:00:00,1Hour(s),101,101,HNRZ01(101),,31090,U226028(31090),31091,U226028A20M(31091),"urop:OMMOID=iz3nj3pv-3@sbn=101@me=101,RncFunction=101,IubLink=31090,UtranCell=31091",1022,31091,18.36949,105.92263,0,0,,-104.7838
12,2025-07-29 19:00:00,2025-07-29 20:00:00,1Hour(s),101,101,HNRZ01(101),,31090,U226028(31090),31091,U226028A20M(31091),"urop:OMMOID=iz3nj3pv-3@sbn=101@me=101,RncFunction=101,IubLink=31090,UtranCell=31091",1022,31091,18.36949,105.92263,0,0,,-104.3786
13,2025-07-29 20:00:00,2025-07-29 21:00:00,1Hour(s),101,101,HNRZ01(101),,31090,U226028(31090),31091,U226028A20M(31091),"urop:OMMOID=iz3nj3pv-3@sbn=101@me=101,RncFunction=101,IubLink=31090,UtranCell=31091",1022,31091,18.36949,105.92263,0,0,,-104.3275
14,2025-07-29 21:00:00,2025-07-29 22:00:00,1Hour(s),101,101,HNRZ01(101),,31090,U226028(31090),31091,U226028A20M(31091),"urop:OMMOID=iz3nj3pv-3@sbn=101@me=101,RncFunction=101,IubLink=31090,UtranCell=31091",1022,31091,18.36949,105.92263,0,0,,-104.2776
15,2025-07-29 22:00:00,2025-07-29 23:00:00,1Hour(s),101,101,HNRZ01(101),,31090,U226028(31090),31091,U226028A20M(31091),"urop:OMMOID=iz3nj3pv-3@sbn=101@me=101,RncFunction=101,IubLink=31090,UtranCell=31091",1022,31091,18.36949,105.92263,0,0,,-104.3122
16,2025-07-29 22:00:00,2025-07-29 23:00:00,1Hour(s),101,101,HNRZ01(101),,31153,U226070(31153),31155,U226070A30M(31155),"urop:OMMOID=iz3nj3pv-3@sbn=101@me=101,RncFunction=101,IubLink=31153,UtranCell=31155",1022,31155,18.34239,105.88892,0,0,,-102.2169
17,2025-07-29 23:00:00,2025-07-30 00:00:00,1Hour(s),101,101,HNRZ01(101),,31153,U226070(31153),31155,U226070A30M(31155),"urop:OMMOID=iz3nj3pv-3@sbn=101@me=101,RncFunction=101,IubLink=31153,UtranCell=31155",1022,31155,18.34239,105.88892,0,0,,-104.8926
18,2025-07-30 06:00:00,2025-07-30 07:00:00,1Hour(s),101,101,HNRZ01(101),,31090,U226028(31090),31091,U226028A20M(31091),"urop:OMMOID=iz3nj3pv-3@sbn=101@me=101,RncFunction=101,IubLink=31090,UtranCell=31091",1022,31091,18.36949,105.92263,0,0,,-104.3699
19,2025-07-30 07:00:00,2025-07-30 08:00:00,1Hour(s),101,101,HNRZ01(101),,31090,U226028(31090),31091,U226028A20M(31091),"urop:OMMOID=iz3nj3pv-3@sbn=101@me=101,RncFunction=101,IubLink=31090,UtranCell=31091",1022,31091,18.36949,105.92263,0,0,,-104.2326
20,2025-07-30 08:00:00,2025-07-30 09:00:00,1Hour(s),101,101,HNRZ01(101),,31090,U226028(31090),31091,U226028A20M(31091),"urop:OMMOID=iz3nj3pv-3@sbn=101@me=101,RncFunction=101,IubLink=31090,UtranCell=31091",1022,31091,18.36949,105.92263,0,0,,-104.4501
21,2025-07-30 08:00:00,2025-07-30 09:00:00,1Hour(s),101,101,HNRZ01(101),,60256,U144079(60256),60256,U144079A10M(60256),"urop:OMMOID=iz3nj3pv-3@sbn=101@me=101,RncFunction=101,IubLink=60256,UtranCell=60256",1013,60256,21.11558,105.28366,0,0,,-104.7609
22,2025-07-30 09:00:00,2025-07-30 10:00:00,1Hour(s),101,101,HNRZ01(101),,31090,U226028(31090),31091,U226028A20M(31091),"urop:OMMOID=iz3nj3pv-3@sbn=101@me=101,RncFunction=101,IubLink=31090,UtranCell=31091",1022,31091,18.36949,105.92263,0,0,,-104.4711
23,2025-07-30 09:00:00,2025-07-30 10:00:00,1Hour(s),101,101,HNRZ01(101),,60256,U144079(60256),60256,U144079A10M(60256),"urop:OMMOID=iz3nj3pv-3@sbn=101@me=101,RncFunction=101,IubLink=60256,UtranCell=60256",1013,60256,21.11558,105.28366,0,0,,-104.7652
24,2025-07-30 10:00:00,2025-07-30 11:00:00,1Hour(s),101,101,HNRZ01(101),,31090,U226028(31090),31091,U226028A20M(31091),"urop:OMMOID=iz3nj3pv-3@sbn=101@me=101,RncFunction=101,IubLink=31090,UtranCell=31091",1022,31091,18.36949,105.92263,0,0,,-104.2753
25,2025-07-30 10:00:00,2025-07-30 11:00:00,1Hour(s),101,101,HNRZ01(101),,60256,U144079(60256),60256,U144079A10M(60256),"urop:OMMOID=iz3nj3pv-3@sbn=101@me=101,RncFunction=101,IubLink=60256,UtranCell=60256",1013,60256,21.11558,105.28366,0,0,,-104.7932
27,2025-07-30 11:00:00,2025-07-30 12:00:00,1Hour(s),101,101,HNRZ01(101),,60256,U144079(60256),60256,U144079A10M(60256),"urop:OMMOID=iz3nj3pv-3@sbn=101@me=101,RncFunction=101,IubLink=60256,UtranCell=60256",1013,60256,21.11558,105.28366,0,0,,-104.9732
26,2025-07-30 11:00:00,2025-07-30 12:00:00,1Hour(s),101,101,HNRZ01(101),,31090,U226028(31090),31091,U226028A20M(31091),"urop:OMMOID=iz3nj3pv-3@sbn=101@me=101,RncFunction=101,IubLink=31090,UtranCell=31091",1022,31091,18.36949,105.92263,0,0,,-104.4331
28,2025-07-30 14:00:00,2025-07-30 15:00:00,1Hour(s),101,101,HNRZ01(101),,31036,U226002(31036),31037,U226002A20M(31037),"urop:OMMOID=iz3nj3pv-3@sbn=101@me=101,RncFunction=101,IubLink=31036,UtranCell=31037",1022,31037,18.3384,105.89951,0,0,,-101.3043
29,2025-07-30 14:00:00,2025-07-30 15:00:00,1Hour(s),101,101,HNRZ01(101),,31090,U226028(31090),31091,U226028A20M(31091),"urop:OMMOID=iz3nj3pv-3@sbn=101@me=101,RncFunction=101,IubLink=31090,UtranCell=31091",1022,31091,18.36949,105.92263,0,0,,-104.5243
30,2025-07-30 14:00:00,2025-07-30 15:00:00,1Hour(s),101,101,HNRZ01(101),,60256,U144079(60256),60256,U144079A10M(60256),"urop:OMMOID=iz3nj3pv-3@sbn=101@me=101,RncFunction=101,IubLink=60256,UtranCell=60256",1013,60256,21.11558,105.28366,0,0,,-104.8451
31,2025-07-30 15:00:00,2025-07-30 16:00:00,1Hour(s),101,101,HNRZ01(101),,31036,U226002(31036),31037,U226002A20M(31037),"urop:OMMOID=iz3nj3pv-3@sbn=101@me=101,RncFunction=101,IubLink=31036,UtranCell=31037",1022,31037,18.3384,105.89951,0,0,,-103.3542
32,2025-07-30 15:00:00,2025-07-30 16:00:00,1Hour(s),101,101,HNRZ01(101),,31090,U226028(31090),31091,U226028A20M(31091),"urop:OMMOID=iz3nj3pv-3@sbn=101@me=101,RncFunction=101,IubLink=31090,UtranCell=31091",1022,31091,18.36949,105.92263,0,0,,-104.2559
33,2025-07-30 15:00:00,2025-07-30 16:00:00,1Hour(s),101,101,HNRZ01(101),,60256,U144079(60256),60256,U144079A10M(60256),"urop:OMMOID=iz3nj3pv-3@sbn=101@me=101,RncFunction=101,IubLink=60256,UtranCell=60256",1013,60256,21.11558,105.28366,0,0,,-104.6245
34,2025-07-30 16:00:00,2025-07-30 17:00:00,1Hour(s),101,101,HNRZ01(101),,31036,U226002(31036),31037,U226002A20M(31037),"urop:OMMOID=iz3nj3pv-3@sbn=101@me=101,RncFunction=101,IubLink=31036,UtranCell=31037",1022,31037,18.3384,105.89951,0,0,,-102.7061
35,2025-07-30 16:00:00,2025-07-30 17:00:00,1Hour(s),101,101,HNRZ01(101),,31090,U226028(31090),31091,U226028A20M(31091),"urop:OMMOID=iz3nj3pv-3@sbn=101@me=101,RncFunction=101,IubLink=31090,UtranCell=31091",1022,31091,18.36949,105.92263,0,0,,-104.0578
36,2025-07-30 16:00:00,2025-07-30 17:00:00,1Hour(s),101,101,HNRZ01(101),,60256,U144079(60256),60256,U144079A10M(60256),"urop:OMMOID=iz3nj3pv-3@sbn=101@me=101,RncFunction=101,IubLink=60256,UtranCell=60256",1013,60256,21.11558,105.28366,0,0,,-104.8107
37,2025-07-30 17:00:00,2025-07-30 18:00:00,1Hour(s),101,101,HNRZ01(101),,31090,U226028(31090),31091,U226028A20M(31091),"urop:OMMOID=iz3nj3pv-3@sbn=101@me=101,RncFunction=101,IubLink=31090,UtranCell=31091",1022,31091,18.36949,105.92263,0,0,,-104.078
39,2025-07-30 18:00:00,2025-07-30 19:00:00,1Hour(s),101,101,HNRZ01(101),,60538,U144030(60538),60540,U144030A30M(60540),"urop:OMMOID=iz3nj3pv-3@sbn=101@me=101,RncFunction=101,IubLink=60538,UtranCell=60540",1013,60540,21.39851,105.38351,0,0,,-104.9497
38,2025-07-30 18:00:00,2025-07-30 19:00:00,1Hour(s),101,101,HNRZ01(101),,31090,U226028(31090),31091,U226028A20M(31091),"urop:OMMOID=iz3nj3pv-3@sbn=101@me=101,RncFunction=101,IubLink=31090,UtranCell=31091",1022,31091,18.36949,105.92263,0,0,,-104.9606
40,2025-07-30 19:00:00,2025-07-30 20:00:00,1Hour(s),101,101,HNRZ01(101),,31036,U226002(31036),31037,U226002A20M(31037),"urop:OMMOID=iz3nj3pv-3@sbn=101@me=101,RncFunction=101,IubLink=31036,UtranCell=31037",1022,31037,18.3384,105.89951,0,0,,-104.7403
41,2025-07-30 19:00:00,2025-07-30 20:00:00,1Hour(s),101,101,HNRZ01(101),,31090,U226028(31090),31091,U226028A20M(31091),"urop:OMMOID=iz3nj3pv-3@sbn=101@me=101,RncFunction=101,IubLink=31090,UtranCell=31091",1022,31091,18.36949,105.92263,0,0,,-104.7506
42,2025-07-30 20:00:00,2025-07-30 21:00:00,1Hour(s),101,101,HNRZ01(101),,31090,U226028(31090),31091,U226028A20M(31091),"urop:OMMOID=iz3nj3pv-3@sbn=101@me=101,RncFunction=101,IubLink=31090,UtranCell=31091",1022,31091,18.36949,105.92263,0,0,,-104.1309
43,2025-07-30 20:00:00,2025-07-30 21:00:00,1Hour(s),101,101,HNRZ01(101),,60256,U144079(60256),60256,U144079A10M(60256),"urop:OMMOID=iz3nj3pv-3@sbn=101@me=101,RncFunction=101,IubLink=60256,UtranCell=60256",1013,60256,21.11558,105.28366,0,0,,-104.9004
44,2025-07-30 21:00:00,2025-07-30 22:00:00,1Hour(s),101,101,HNRZ01(101),,31090,U226028(31090),31091,U226028A20M(31091),"urop:OMMOID=iz3nj3pv-3@sbn=101@me=101,RncFunction=101,IubLink=31090,UtranCell=31091",1022,31091,18.36949,105.92263,0,0,,-104.3673
45,2025-07-30 22:00:00,2025-07-30 23:00:00,1Hour(s),101,101,HNRZ01(101),,31090,U226028(31090),31091,U226028A20M(31091),"urop:OMMOID=iz3nj3pv-3@sbn=101@me=101,RncFunction=101,IubLink=31090,UtranCell=31091",1022,31091,18.36949,105.92263,0,0,,-104.372
46,2025-07-30 23:00:00,2025-07-31 00:00:00,1Hour(s),101,101,HNRZ01(101),,31090,U226028(31090),31091,U226028A20M(31091),"urop:OMMOID=iz3nj3pv-3@sbn=101@me=101,RncFunction=101,IubLink=31090,UtranCell=31091",1022,31091,18.36949,105.92263,0,0,,-104.3036
47,2025-07-30 23:00:00,2025-07-31 00:00:00,1Hour(s),101,101,HNRZ01(101),,31153,U226070(31153),31155,U226070A30M(31155),"urop:OMMOID=iz3nj3pv-3@sbn=101@me=101,RncFunction=101,IubLink=31153,UtranCell=31155",1022,31155,18.34239,105.88892,0,0,,-103.2222
48,2025-07-30 23:00:00,2025-07-31 00:00:00,1Hour(s),101,101,HNRZ01(101),,60235,U144060(60235),60237,U144060A30M(60237),"urop:OMMOID=iz3nj3pv-3@sbn=101@me=101,RncFunction=101,IubLink=60235,UtranCell=60237",1013,60237,21.32869,105.32581,0,0,,-104.8661
50,2025-07-31 00:00:00,2025-07-31 01:00:00,1Hour(s),101,101,HNRZ01(101),,31153,U226070(31153),31155,U226070A30M(31155),"urop:OMMOID=iz3nj3pv-3@sbn=101@me=101,RncFunction=101,IubLink=31153,UtranCell=31155",1022,31155,18.34239,105.88892,0,0,,-103.4553
49,2025-07-31 00:00:00,2025-07-31 01:00:00,1Hour(s),101,101,HNRZ01(101),,31090,U226028(31090),31091,U226028A20M(31091),"urop:OMMOID=iz3nj3pv-3@sbn=101@me=101,RncFunction=101,IubLink=31090,UtranCell=31091",1022,31091,18.36949,105.92263,0,0,,-104.241
52,2025-07-31 01:00:00,2025-07-31 02:00:00,1Hour(s),101,101,HNRZ01(101),,31153,U226070(31153),31155,U226070A30M(31155),"urop:OMMOID=iz3nj3pv-3@sbn=101@me=101,RncFunction=101,IubLink=31153,UtranCell=31155",1022,31155,18.34239,105.88892,0,0,,-103.5067
51,2025-07-31 01:00:00,2025-07-31 02:00:00,1Hour(s),101,101,HNRZ01(101),,31090,U226028(31090),31091,U226028A20M(31091),"urop:OMMOID=iz3nj3pv-3@sbn=101@me=101,RncFunction=101,IubLink=31090,UtranCell=31091",1022,31091,18.36949,105.92263,0,0,,-104.3617
53,2025-07-31 02:00:00,2025-07-31 03:00:00,1Hour(s),101,101,HNRZ01(101),,31090,U226028(31090),31091,U226028A20M(31091),"urop:OMMOID=iz3nj3pv-3@sbn=101@me=101,RncFunction=101,IubLink=31090,UtranCell=31091",1022,31091,18.36949,105.92263,0,0,,-104.4122
54,2025-07-31 03:00:00,2025-07-31 04:00:00,1Hour(s),101,101,HNRZ01(101),,31090,U226028(31090),31091,U226028A20M(31091),"urop:OMMOID=iz3nj3pv-3@sbn=101@me=101,RncFunction=101,IubLink=31090,UtranCell=31091",1022,31091,18.36949,105.92263,0,0,,-104.3589
55,2025-07-31 04:00:00,2025-07-31 05:00:00,1Hour(s),101,101,HNRZ01(101),,31090,U226028(31090),31091,U226028A20M(31091),"urop:OMMOID=iz3nj3pv-3@sbn=101@me=101,RncFunction=101,IubLink=31090,UtranCell=31091",1022,31091,18.36949,105.92263,0,0,,-104.257
56,2025-07-31 05:00:00,2025-07-31 06:00:00,1Hour(s),101,101,HNRZ01(101),,31090,U226028(31090),31091,U226028A20M(31091),"urop:OMMOID=iz3nj3pv-3@sbn=101@me=101,RncFunction=101,IubLink=31090,UtranCell=31091",1022,31091,18.36949,105.92263,0,0,,-104.5471
57,2025-07-31 06:00:00,2025-07-31 07:00:00,1Hour(s),101,101,HNRZ01(101),,31090,U226028(31090),31091,U226028A20M(31091),"urop:OMMOID=iz3nj3pv-3@sbn=101@me=101,RncFunction=101,IubLink=31090,UtranCell=31091",1022,31091,18.36949,105.92263,0,0,,-104.1656
58,2025-07-31 07:00:00,2025-07-31 08:00:00,1Hour(s),101,101,HNRZ01(101),,31090,U226028(31090),31091,U226028A20M(31091),"urop:OMMOID=iz3nj3pv-3@sbn=101@me=101,RncFunction=101,IubLink=31090,UtranCell=31091",1022,31091,18.36949,105.92263,0,0,,-104.2999
59,2025-07-31 08:00:00,2025-07-31 09:00:00,1Hour(s),101,101,HNRZ01(101),,31090,U226028(31090),31091,U226028A20M(31091),"urop:OMMOID=iz3nj3pv-3@sbn=101@me=101,RncFunction=101,IubLink=31090,UtranCell=31091",1022,31091,18.36949,105.92263,0,0,,-104.4091
60,2025-07-31 09:00:00,2025-07-31 10:00:00,1Hour(s),101,101,HNRZ01(101),,31090,U226028(31090),31091,U226028A20M(31091),"urop:OMMOID=iz3nj3pv-3@sbn=101@me=101,RncFunction=101,IubLink=31090,UtranCell=31091",1022,31091,18.36949,105.92263,0,0,,-104.4767
61,2025-07-31 09:00:00,2025-07-31 10:00:00,1Hour(s),101,101,HNRZ01(101),,60256,U144079(60256),60256,U144079A10M(60256),"urop:OMMOID=iz3nj3pv-3@sbn=101@me=101,RncFunction=101,IubLink=60256,UtranCell=60256",1013,60256,21.11558,105.28366,0,0,,-104.8289
62,2025-07-31 10:00:00,2025-07-31 11:00:00,1Hour(s),101,101,HNRZ01(101),,31090,U226028(31090),31091,U226028A20M(31091),"urop:OMMOID=iz3nj3pv-3@sbn=101@me=101,RncFunction=101,IubLink=31090,UtranCell=31091",1022,31091,18.36949,105.92263,0,0,,-104.8262
63,2025-07-31 10:00:00,2025-07-31 11:00:00,1Hour(s),101,101,HNRZ01(101),,60256,U144079(60256),60256,U144079A10M(60256),"urop:OMMOID=iz3nj3pv-3@sbn=101@me=101,RncFunction=101,IubLink=60256,UtranCell=60256",1013,60256,21.11558,105.28366,0,0,,-104.887
64,2025-07-31 11:00:00,2025-07-31 12:00:00,1Hour(s),101,101,HNRZ01(101),,60256,U144079(60256),60256,U144079A10M(60256),"urop:OMMOID=iz3nj3pv-3@sbn=101@me=101,RncFunction=101,IubLink=60256,UtranCell=60256",1013,60256,21.11558,105.28366,0,0,,-104.9455
66,2025-07-31 12:00:00,2025-07-31 13:00:00,1Hour(s),101,101,HNRZ01(101),,60256,U144079(60256),60256,U144079A10M(60256),"urop:OMMOID=iz3nj3pv-3@sbn=101@me=101,RncFunction=101,IubLink=60256,UtranCell=60256",1013,60256,21.11558,105.28366,0,0,,-104.7777
65,2025-07-31 12:00:00,2025-07-31 13:00:00,1Hour(s),101,101,HNRZ01(101),,31090,U226028(31090),31091,U226028A20M(31091),"urop:OMMOID=iz3nj3pv-3@sbn=101@me=101,RncFunction=101,IubLink=31090,UtranCell=31091",1022,31091,18.36949,105.92263,0,0,,-104.8352
67,2025-07-31 13:00:00,2025-07-31 14:00:00,1Hour(s),101,101,HNRZ01(101),,31090,U226028(31090),31091,U226028A20M(31091),"urop:OMMOID=iz3nj3pv-3@sbn=101@me=101,RncFunction=101,IubLink=31090,UtranCell=31091",1022,31091,18.36949,105.92263,0,0,,-104.5527
68,2025-07-31 13:00:00,2025-07-31 14:00:00,1Hour(s),101,101,HNRZ01(101),,31153,U226070(31153),31155,U226070A30M(31155),"urop:OMMOID=iz3nj3pv-3@sbn=101@me=101,RncFunction=101,IubLink=31153,UtranCell=31155",1022,31155,18.34239,105.88892,0,0,,-103.5115
69,2025-07-31 13:00:00,2025-07-31 14:00:00,1Hour(s),101,101,HNRZ01(101),,60256,U144079(60256),60256,U144079A10M(60256),"urop:OMMOID=iz3nj3pv-3@sbn=101@me=101,RncFunction=101,IubLink=60256,UtranCell=60256",1013,60256,21.11558,105.28366,0,0,,-104.8767
70,2025-07-31 14:00:00,2025-07-31 15:00:00,1Hour(s),101,101,HNRZ01(101),,31090,U226028(31090),31091,U226028A20M(31091),"urop:OMMOID=iz3nj3pv-3@sbn=101@me=101,RncFunction=101,IubLink=31090,UtranCell=31091",1022,31091,18.36949,105.92263,0,0,,-104.6934
71,2025-07-31 14:00:00,2025-07-31 15:00:00,1Hour(s),101,101,HNRZ01(101),,60256,U144079(60256),60256,U144079A10M(60256),"urop:OMMOID=iz3nj3pv-3@sbn=101@me=101,RncFunction=101,IubLink=60256,UtranCell=60256",1013,60256,21.11558,105.28366,0,0,,-104.9589
72,2025-07-31 15:00:00,2025-07-31 16:00:00,1Hour(s),101,101,HNRZ01(101),,31090,U226028(31090),31091,U226028A20M(31091),"urop:OMMOID=iz3nj3pv-3@sbn=101@me=101,RncFunction=101,IubLink=31090,UtranCell=31091",1022,31091,18.36949,105.92263,0,0,,-104.6883
73,2025-07-31 15:00:00,2025-07-31 16:00:00,1Hour(s),101,101,HNRZ01(101),,60256,U144079(60256),60256,U144079A10M(60256),"urop:OMMOID=iz3nj3pv-3@sbn=101@me=101,RncFunction=101,IubLink=60256,UtranCell=60256",1013,60256,21.11558,105.28366,0,0,,-104.9172
74,2025-07-31 16:00:00,2025-07-31 17:00:00,1Hour(s),101,101,HNRZ01(101),,31090,U226028(31090),31091,U226028A20M(31091),"urop:OMMOID=iz3nj3pv-3@sbn=101@me=101,RncFunction=101,IubLink=31090,UtranCell=31091",1022,31091,18.36949,105.92263,0,0,,-104.5169
75,2025-07-31 16:00:00,2025-07-31 17:00:00,1Hour(s),101,101,HNRZ01(101),,60256,U144079(60256),60256,U144079A10M(60256),"urop:OMMOID=iz3nj3pv-3@sbn=101@me=101,RncFunction=101,IubLink=60256,UtranCell=60256",1013,60256,21.11558,105.28366,0,0,,-104.9952
76,2025-07-31 17:00:00,2025-07-31 18:00:00,1Hour(s),101,101,HNRZ01(101),,31090,U226028(31090),31091,U226028A20M(31091),"urop:OMMOID=iz3nj3pv-3@sbn=101@me=101,RncFunction=101,IubLink=31090,UtranCell=31091",1022,31091,18.36949,105.92263,0,0,,-104.378
78,2025-07-31 18:00:00,2025-07-31 19:00:00,1Hour(s),101,101,HNRZ01(101),,60262,U144081(60262),60264,U144081A30M(60264),"urop:OMMOID=iz3nj3pv-3@sbn=101@me=101,RncFunction=101,IubLink=60262,UtranCell=60264",1013,60264,21.46517,105.16517,0,0,,-104.7859
77,2025-07-31 18:00:00,2025-07-31 19:00:00,1Hour(s),101,101,HNRZ01(101),,31090,U226028(31090),31091,U226028A20M(31091),"urop:OMMOID=iz3nj3pv-3@sbn=101@me=101,RncFunction=101,IubLink=31090,UtranCell=31091",1022,31091,18.36949,105.92263,0,0,,-104.3396
79,2025-07-31 19:00:00,2025-07-31 20:00:00,1Hour(s),101,101,HNRZ01(101),,31090,U226028(31090),31091,U226028A20M(31091),"urop:OMMOID=iz3nj3pv-3@sbn=101@me=101,RncFunction=101,IubLink=31090,UtranCell=31091",1022,31091,18.36949,105.92263,0,0,,-104.4331
80,2025-07-31 19:00:00,2025-07-31 20:00:00,1Hour(s),101,101,HNRZ01(101),,60262,U144081(60262),60264,U144081A30M(60264),"urop:OMMOID=iz3nj3pv-3@sbn=101@me=101,RncFunction=101,IubLink=60262,UtranCell=60264",1013,60264,21.46517,105.16517,0,0,,-104.9577
81,2025-07-31 20:00:00,2025-07-31 21:00:00,1Hour(s),101,101,HNRZ01(101),,31090,U226028(31090),31091,U226028A20M(31091),"urop:OMMOID=iz3nj3pv-3@sbn=101@me=101,RncFunction=101,IubLink=31090,UtranCell=31091",1022,31091,18.36949,105.92263,0,0,,-104.5717
82,2025-07-31 21:00:00,2025-07-31 22:00:00,1Hour(s),101,101,HNRZ01(101),,31090,U226028(31090),31091,U226028A20M(31091),"urop:OMMOID=iz3nj3pv-3@sbn=101@me=101,RncFunction=101,IubLink=31090,UtranCell=31091",1022,31091,18.36949,105.92263,0,0,,-104.3164
83,2025-07-31 22:00:00,2025-07-31 23:00:00,1Hour(s),101,101,HNRZ01(101),,31090,U226028(31090),31091,U226028A20M(31091),"urop:OMMOID=iz3nj3pv-3@sbn=101@me=101,RncFunction=101,IubLink=31090,UtranCell=31091",1022,31091,18.36949,105.92263,0,0,,-104.5189
84,2025-08-01 00:00:00,2025-08-01 01:00:00,1Hour(s),101,101,HNRZ01(101),,31153,U226070(31153),31155,U226070A30M(31155),"urop:OMMOID=iz3nj3pv-3@sbn=101@me=101,RncFunction=101,IubLink=31153,UtranCell=31155",1022,31155,18.34239,105.88892,0,0,,-104.7998
85,2025-08-01 00:00:00,2025-08-01 01:00:00,1Hour(s),101,101,HNRZ01(101),,60235,U144060(60235),60237,U144060A30M(60237),"urop:OMMOID=iz3nj3pv-3@sbn=101@me=101,RncFunction=101,IubLink=60235,UtranCell=60237",1013,60237,21.32869,105.32581,0,0,,-104.5474
86,2025-08-01 06:00:00,2025-08-01 07:00:00,1Hour(s),101,101,HNRZ01(101),,31090,U226028(31090),31091,U226028A20M(31091),"urop:OMMOID=iz3nj3pv-3@sbn=101@me=101,RncFunction=101,IubLink=31090,UtranCell=31091",1022,31091,18.36949,105.92263,0,0,,-104.3803
87,2025-08-01 07:00:00,2025-08-01 08:00:00,1Hour(s),101,101,HNRZ01(101),,31090,U226028(31090),31091,U226028A20M(31091),"urop:OMMOID=iz3nj3pv-3@sbn=101@me=101,RncFunction=101,IubLink=31090,UtranCell=31091",1022,31091,18.36949,105.92263,0,0,,-104.6065
88,2025-08-01 08:00:00,2025-08-01 09:00:00,1Hour(s),101,101,HNRZ01(101),,31090,U226028(31090),31091,U226028A20M(31091),"urop:OMMOID=iz3nj3pv-3@sbn=101@me=101,RncFunction=101,IubLink=31090,UtranCell=31091",1022,31091,18.36949,105.92263,0,0,,-104.6466
89,2025-08-01 08:00:00,2025-08-01 09:00:00,1Hour(s),101,101,HNRZ01(101),,60235,U144060(60235),60237,U144060A30M(60237),"urop:OMMOID=iz3nj3pv-3@sbn=101@me=101,RncFunction=101,IubLink=60235,UtranCell=60237",1013,60237,21.32869,105.32581,0,0,,-104.9458
90,2025-08-01 09:00:00,2025-08-01 10:00:00,1Hour(s),101,101,HNRZ01(101),,31090,U226028(31090),31091,U226028A20M(31091),"urop:OMMOID=iz3nj3pv-3@sbn=101@me=101,RncFunction=101,IubLink=31090,UtranCell=31091",1022,31091,18.36949,105.92263,0,0,,-104.3729
91,2025-08-01 10:00:00,2025-08-01 11:00:00,1Hour(s),101,101,HNRZ01(101),,31090,U226028(31090),31091,U226028A20M(31091),"urop:OMMOID=iz3nj3pv-3@sbn=101@me=101,RncFunction=101,IubLink=31090,UtranCell=31091",1022,31091,18.36949,105.92263,0,0,,-104.2958
92,2025-08-01 11:00:00,2025-08-01 12:00:00,1Hour(s),101,101,HNRZ01(101),,31090,U226028(31090),31091,U226028A20M(31091),"urop:OMMOID=iz3nj3pv-3@sbn=101@me=101,RncFunction=101,IubLink=31090,UtranCell=31091",1022,31091,18.36949,105.92263,0,0,,-104.3198
93,2025-08-01 12:00:00,2025-08-01 13:00:00,1Hour(s),101,101,HNRZ01(101),,31090,U226028(31090),31091,U226028A20M(31091),"urop:OMMOID=iz3nj3pv-3@sbn=101@me=101,RncFunction=101,IubLink=31090,UtranCell=31091",1022,31091,18.36949,105.92263,0,0,,-104.3142
94,2025-08-01 13:00:00,2025-08-01 14:00:00,1Hour(s),101,101,HNRZ01(101),,31090,U226028(31090),31091,U226028A20M(31091),"urop:OMMOID=iz3nj3pv-3@sbn=101@me=101,RncFunction=101,IubLink=31090,UtranCell=31091",1022,31091,18.36949,105.92263,0,0,,-104.5157
95,2025-08-01 13:00:00,2025-08-01 14:00:00,1Hour(s),101,101,HNRZ01(101),,60277,U144086(60277),60277,U144086A10M(60277),"urop:OMMOID=iz3nj3pv-3@sbn=101@me=101,RncFunction=101,IubLink=60277,UtranCell=60277",1013,60277,21.33423,105.34723,0,0,,-104.88
96,2025-08-01 18:00:00,2025-08-01 19:00:00,1Hour(s),101,101,HNRZ01(101),,31090,U226028(31090),31091,U226028A20M(31091),"urop:OMMOID=iz3nj3pv-3@sbn=101@me=101,RncFunction=101,IubLink=31090,UtranCell=31091",1022,31091,18.36949,105.92263,0,0,,-104.8319
97,2025-08-01 19:00:00,2025-08-01 20:00:00,1Hour(s),101,101,HNRZ01(101),,31090,U226028(31090),31091,U226028A20M(31091),"urop:OMMOID=iz3nj3pv-3@sbn=101@me=101,RncFunction=101,IubLink=31090,UtranCell=31091",1022,31091,18.36949,105.92263,0,0,,-104.676
98,2025-08-01 20:00:00,2025-08-01 21:00:00,1Hour(s),101,101,HNRZ01(101),,31090,U226028(31090),31091,U226028A20M(31091),"urop:OMMOID=iz3nj3pv-3@sbn=101@me=101,RncFunction=101,IubLink=31090,UtranCell=31091",1022,31091,18.36949,105.92263,0,0,,-104.7604
99,2025-08-01 21:00:00,2025-08-01 22:00:00,1Hour(s),101,101,HNRZ01(101),,31090,U226028(31090),31091,U226028A20M(31091),"urop:OMMOID=iz3nj3pv-3@sbn=101@me=101,RncFunction=101,IubLink=31090,UtranCell=31091",1022,31091,18.36949,105.92263,0,0,,-104.8951
100,2025-08-01 22:00:00,2025-08-01 23:00:00,1Hour(s),101,101,HNRZ01(101),,31090,U226028(31090),31091,U226028A20M(31091),"urop:OMMOID=iz3nj3pv-3@sbn=101@me=101,RncFunction=101,IubLink=31090,UtranCell=31091",1022,31091,18.36949,105.92263,0,0,,-104.8036
101,2025-08-01 22:00:00,2025-08-01 23:00:00,1Hour(s),101,101,HNRZ01(101),,60235,U144060(60235),60237,U144060A30M(60237),"urop:OMMOID=iz3nj3pv-3@sbn=101@me=101,RncFunction=101,IubLink=60235,UtranCell=60237",1013,60237,21.32869,105.32581,0,0,,-104.8624
102,2025-08-01 23:00:00,2025-08-02 00:00:00,1Hour(s),101,101,HNRZ01(101),,31090,U226028(31090),31091,U226028A20M(31091),"urop:OMMOID=iz3nj3pv-3@sbn=101@me=101,RncFunction=101,IubLink=31090,UtranCell=31091",1022,31091,18.36949,105.92263,0,0,,-104.752
103,2025-08-02 00:00:00,2025-08-02 01:00:00,1Hour(s),101,101,HNRZ01(101),,31090,U226028(31090),31091,U226028A20M(31091),"urop:OMMOID=iz3nj3pv-3@sbn=101@me=101,RncFunction=101,IubLink=31090,UtranCell=31091",1022,31091,18.36949,105.92263,0,0,,-104.7767
104,2025-08-02 01:00:00,2025-08-02 02:00:00,1Hour(s),101,101,HNRZ01(101),,31090,U226028(31090),31091,U226028A20M(31091),"urop:OMMOID=iz3nj3pv-3@sbn=101@me=101,RncFunction=101,IubLink=31090,UtranCell=31091",1022,31091,18.36949,105.92263,0,0,,-104.7439
105,2025-08-02 06:00:00,2025-08-02 07:00:00,1Hour(s),101,101,HNRZ01(101),,31090,U226028(31090),31091,U226028A20M(31091),"urop:OMMOID=iz3nj3pv-3@sbn=101@me=101,RncFunction=101,IubLink=31090,UtranCell=31091",1022,31091,18.36949,105.92263,0,0,,-104.9355
106,2025-08-02 07:00:00,2025-08-02 08:00:00,1Hour(s),101,101,HNRZ01(101),,31090,U226028(31090),31091,U226028A20M(31091),"urop:OMMOID=iz3nj3pv-3@sbn=101@me=101,RncFunction=101,IubLink=31090,UtranCell=31091",1022,31091,18.36949,105.92263,0,0,,-104.6006
107,2025-08-02 08:00:00,2025-08-02 09:00:00,1Hour(s),101,101,HNRZ01(101),,31090,U226028(31090),31091,U226028A20M(31091),"urop:OMMOID=iz3nj3pv-3@sbn=101@me=101,RncFunction=101,IubLink=31090,UtranCell=31091",1022,31091,18.36949,105.92263,0,0,,-104.6255
108,2025-08-02 09:00:00,2025-08-02 10:00:00,1Hour(s),101,101,HNRZ01(101),,60256,U144079(60256),60256,U144079A10M(60256),"urop:OMMOID=iz3nj3pv-3@sbn=101@me=101,RncFunction=101,IubLink=60256,UtranCell=60256",1013,60256,21.11558,105.28366,0,0,,-104.7987
109,2025-08-02 10:00:00,2025-08-02 11:00:00,1Hour(s),101,101,HNRZ01(101),,60256,U144079(60256),60256,U144079A10M(60256),"urop:OMMOID=iz3nj3pv-3@sbn=101@me=101,RncFunction=101,IubLink=60256,UtranCell=60256",1013,60256,21.11558,105.28366,0,0,,-104.9461
110,2025-08-02 11:00:00,2025-08-02 12:00:00,1Hour(s),101,101,HNRZ01(101),,60256,U144079(60256),60256,U144079A10M(60256),"urop:OMMOID=iz3nj3pv-3@sbn=101@me=101,RncFunction=101,IubLink=60256,UtranCell=60256",1013,60256,21.11558,105.28366,0,0,,-104.5816
111,2025-08-02 14:00:00,2025-08-02 15:00:00,1Hour(s),101,101,HNRZ01(101),,31090,U226028(31090),31091,U226028A20M(31091),"urop:OMMOID=iz3nj3pv-3@sbn=101@me=101,RncFunction=101,IubLink=31090,UtranCell=31091",1022,31091,18.36949,105.92263,0,0,,-104.6731
112,2025-08-02 15:00:00,2025-08-02 16:00:00,1Hour(s),101,101,HNRZ01(101),,31090,U226028(31090),31091,U226028A20M(31091),"urop:OMMOID=iz3nj3pv-3@sbn=101@me=101,RncFunction=101,IubLink=31090,UtranCell=31091",1022,31091,18.36949,105.92263,0,0,,-104.5385
113,2025-08-02 15:00:00,2025-08-02 16:00:00,1Hour(s),101,101,HNRZ01(101),,60256,U144079(60256),60256,U144079A10M(60256),"urop:OMMOID=iz3nj3pv-3@sbn=101@me=101,RncFunction=101,IubLink=60256,UtranCell=60256",1013,60256,21.11558,105.28366,0,0,,-104.9873
114,2025-08-02 16:00:00,2025-08-02 17:00:00,1Hour(s),101,101,HNRZ01(101),,31090,U226028(31090),31091,U226028A20M(31091),"urop:OMMOID=iz3nj3pv-3@sbn=101@me=101,RncFunction=101,IubLink=31090,UtranCell=31091",1022,31091,18.36949,105.92263,0,0,,-104.4666
115,2025-08-02 16:00:00,2025-08-02 17:00:00,1Hour(s),101,101,HNRZ01(101),,60256,U144079(60256),60256,U144079A10M(60256),"urop:OMMOID=iz3nj3pv-3@sbn=101@me=101,RncFunction=101,IubLink=60256,UtranCell=60256",1013,60256,21.11558,105.28366,0,0,,-104.9225
117,2025-08-02 17:00:00,2025-08-02 18:00:00,1Hour(s),101,101,HNRZ01(101),,60256,U144079(60256),60256,U144079A10M(60256),"urop:OMMOID=iz3nj3pv-3@sbn=101@me=101,RncFunction=101,IubLink=60256,UtranCell=60256",1013,60256,21.11558,105.28366,0,0,,-104.8211
116,2025-08-02 17:00:00,2025-08-02 18:00:00,1Hour(s),101,101,HNRZ01(101),,31090,U226028(31090),31091,U226028A20M(31091),"urop:OMMOID=iz3nj3pv-3@sbn=101@me=101,RncFunction=101,IubLink=31090,UtranCell=31091",1022,31091,18.36949,105.92263,0,0,,-104.4092
118,2025-08-02 18:00:00,2025-08-02 19:00:00,1Hour(s),101,101,HNRZ01(101),,31090,U226028(31090),31091,U226028A20M(31091),"urop:OMMOID=iz3nj3pv-3@sbn=101@me=101,RncFunction=101,IubLink=31090,UtranCell=31091",1022,31091,18.36949,105.92263,0,0,,-104.465
119,2025-08-02 18:00:00,2025-08-02 19:00:00,1Hour(s),101,101,HNRZ01(101),,60256,U144079(60256),60256,U144079A10M(60256),"urop:OMMOID=iz3nj3pv-3@sbn=101@me=101,RncFunction=101,IubLink=60256,UtranCell=60256",1013,60256,21.11558,105.28366,0,0,,-104.8227
120,2025-08-02 19:00:00,2025-08-02 20:00:00,1Hour(s),101,101,HNRZ01(101),,31090,U226028(31090),31091,U226028A20M(31091),"urop:OMMOID=iz3nj3pv-3@sbn=101@me=101,RncFunction=101,IubLink=31090,UtranCell=31091",1022,31091,18.36949,105.92263,0,0,,-104.5346
121,2025-08-02 19:00:00,2025-08-02 20:00:00,1Hour(s),101,101,HNRZ01(101),,60256,U144079(60256),60256,U144079A10M(60256),"urop:OMMOID=iz3nj3pv-3@sbn=101@me=101,RncFunction=101,IubLink=60256,UtranCell=60256",1013,60256,21.11558,105.28366,0,0,,-104.8953
122,2025-08-02 20:00:00,2025-08-02 21:00:00,1Hour(s),101,101,HNRZ01(101),,31090,U226028(31090),31091,U226028A20M(31091),"urop:OMMOID=iz3nj3pv-3@sbn=101@me=101,RncFunction=101,IubLink=31090,UtranCell=31091",1022,31091,18.36949,105.92263,0,0,,-104.2192
123,2025-08-02 21:00:00,2025-08-02 22:00:00,1Hour(s),101,101,HNRZ01(101),,31090,U226028(31090),31091,U226028A20M(31091),"urop:OMMOID=iz3nj3pv-3@sbn=101@me=101,RncFunction=101,IubLink=31090,UtranCell=31091",1022,31091,18.36949,105.92263,0,0,,-104.3302
124,2025-08-02 21:00:00,2025-08-02 22:00:00,1Hour(s),101,101,HNRZ01(101),,60235,U144060(60235),60237,U144060A30M(60237),"urop:OMMOID=iz3nj3pv-3@sbn=101@me=101,RncFunction=101,IubLink=60235,UtranCell=60237",1013,60237,21.32869,105.32581,0,0,,-104.9714
125,2025-08-02 22:00:00,2025-08-02 23:00:00,1Hour(s),101,101,HNRZ01(101),,31090,U226028(31090),31091,U226028A20M(31091),"urop:OMMOID=iz3nj3pv-3@sbn=101@me=101,RncFunction=101,IubLink=31090,UtranCell=31091",1022,31091,18.36949,105.92263,0,0,,-104.3469
126,2025-08-02 23:00:00,2025-08-03 00:00:00,1Hour(s),101,101,HNRZ01(101),,31090,U226028(31090),31091,U226028A20M(31091),"urop:OMMOID=iz3nj3pv-3@sbn=101@me=101,RncFunction=101,IubLink=31090,UtranCell=31091",1022,31091,18.36949,105.92263,0,0,,-104.3907
127,2025-08-02 23:00:00,2025-08-03 00:00:00,1Hour(s),101,101,HNRZ01(101),,60388,U161001(60388),60390,U161001A30M(60390),"urop:OMMOID=iz3nj3pv-3@sbn=101@me=101,RncFunction=101,IubLink=60388,UtranCell=60390",1012,60390,21.82221,105.20764,0,0,,-104.9827
128,2025-08-03 00:00:00,2025-08-03 01:00:00,1Hour(s),101,101,HNRZ01(101),,31090,U226028(31090),31091,U226028A20M(31091),"urop:OMMOID=iz3nj3pv-3@sbn=101@me=101,RncFunction=101,IubLink=31090,UtranCell=31091",1022,31091,18.36949,105.92263,0,0,,-104.3119
130,2025-08-03 06:00:00,2025-08-03 07:00:00,1Hour(s),101,101,HNRZ01(101),,60256,U144079(60256),60256,U144079A10M(60256),"urop:OMMOID=iz3nj3pv-3@sbn=101@me=101,RncFunction=101,IubLink=60256,UtranCell=60256",1013,60256,21.11558,105.28366,0,0,,-104.7407
129,2025-08-03 06:00:00,2025-08-03 07:00:00,1Hour(s),101,101,HNRZ01(101),,31090,U226028(31090),31091,U226028A20M(31091),"urop:OMMOID=iz3nj3pv-3@sbn=101@me=101,RncFunction=101,IubLink=31090,UtranCell=31091",1022,31091,18.36949,105.92263,0,0,,-104.9568
131,2025-08-03 07:00:00,2025-08-03 08:00:00,1Hour(s),101,101,HNRZ01(101),,31090,U226028(31090),31091,U226028A20M(31091),"urop:OMMOID=iz3nj3pv-3@sbn=101@me=101,RncFunction=101,IubLink=31090,UtranCell=31091",1022,31091,18.36949,105.92263,0,0,,-104.8584
132,2025-08-03 07:00:00,2025-08-03 08:00:00,1Hour(s),101,101,HNRZ01(101),,60256,U144079(60256),60256,U144079A10M(60256),"urop:OMMOID=iz3nj3pv-3@sbn=101@me=101,RncFunction=101,IubLink=60256,UtranCell=60256",1013,60256,21.11558,105.28366,0,0,,-104.8857
133,2025-08-03 07:00:00,2025-08-03 08:00:00,1Hour(s),101,101,HNRZ01(101),,60499,U164048(60499),60499,U164048A10M(60499),"urop:OMMOID=iz3nj3pv-3@sbn=101@me=101,RncFunction=101,IubLink=60499,UtranCell=60499",1011,60499,21.72837,104.88799,0,0,,-104.6507
134,2025-08-03 08:00:00,2025-08-03 09:00:00,1Hour(s),101,101,HNRZ01(101),,31090,U226028(31090),31091,U226028A20M(31091),"urop:OMMOID=iz3nj3pv-3@sbn=101@me=101,RncFunction=101,IubLink=31090,UtranCell=31091",1022,31091,18.36949,105.92263,0,0,,-104.6552
135,2025-08-03 08:00:00,2025-08-03 09:00:00,1Hour(s),101,101,HNRZ01(101),,60256,U144079(60256),60256,U144079A10M(60256),"urop:OMMOID=iz3nj3pv-3@sbn=101@me=101,RncFunction=101,IubLink=60256,UtranCell=60256",1013,60256,21.11558,105.28366,0,0,,-104.634
136,2025-08-03 09:00:00,2025-08-03 10:00:00,1Hour(s),101,101,HNRZ01(101),,31090,U226028(31090),31091,U226028A20M(31091),"urop:OMMOID=iz3nj3pv-3@sbn=101@me=101,RncFunction=101,IubLink=31090,UtranCell=31091",1022,31091,18.36949,105.92263,0,0,,-104.8227
137,2025-08-03 09:00:00,2025-08-03 10:00:00,1Hour(s),101,101,HNRZ01(101),,60256,U144079(60256),60256,U144079A10M(60256),"urop:OMMOID=iz3nj3pv-3@sbn=101@me=101,RncFunction=101,IubLink=60256,UtranCell=60256",1013,60256,21.11558,105.28366,0,0,,-104.656
138,2025-08-03 10:00:00,2025-08-03 11:00:00,1Hour(s),101,101,HNRZ01(101),,31090,U226028(31090),31091,U226028A20M(31091),"urop:OMMOID=iz3nj3pv-3@sbn=101@me=101,RncFunction=101,IubLink=31090,UtranCell=31091",1022,31091,18.36949,105.92263,0,0,,-104.5871
139,2025-08-03 10:00:00,2025-08-03 11:00:00,1Hour(s),101,101,HNRZ01(101),,60256,U144079(60256),60256,U144079A10M(60256),"urop:OMMOID=iz3nj3pv-3@sbn=101@me=101,RncFunction=101,IubLink=60256,UtranCell=60256",1013,60256,21.11558,105.28366,0,0,,-104.7363
140,2025-08-03 11:00:00,2025-08-03 12:00:00,1Hour(s),101,101,HNRZ01(101),,31090,U226028(31090),31091,U226028A20M(31091),"urop:OMMOID=iz3nj3pv-3@sbn=101@me=101,RncFunction=101,IubLink=31090,UtranCell=31091",1022,31091,18.36949,105.92263,0,0,,-104.5147
141,2025-08-03 11:00:00,2025-08-03 12:00:00,1Hour(s),101,101,HNRZ01(101),,60256,U144079(60256),60256,U144079A10M(60256),"urop:OMMOID=iz3nj3pv-3@sbn=101@me=101,RncFunction=101,IubLink=60256,UtranCell=60256",1013,60256,21.11558,105.28366,0,0,,-104.5895
143,2025-08-03 12:00:00,2025-08-03 13:00:00,1Hour(s),101,101,HNRZ01(101),,60256,U144079(60256),60256,U144079A10M(60256),"urop:OMMOID=iz3nj3pv-3@sbn=101@me=101,RncFunction=101,IubLink=60256,UtranCell=60256",1013,60256,21.11558,105.28366,0,0,,-104.9648
142,2025-08-03 12:00:00,2025-08-03 13:00:00,1Hour(s),101,101,HNRZ01(101),,31090,U226028(31090),31091,U226028A20M(31091),"urop:OMMOID=iz3nj3pv-3@sbn=101@me=101,RncFunction=101,IubLink=31090,UtranCell=31091",1022,31091,18.36949,105.92263,0,0,,-104.2536
144,2025-08-03 13:00:00,2025-08-03 14:00:00,1Hour(s),101,101,HNRZ01(101),,31090,U226028(31090),31091,U226028A20M(31091),"urop:OMMOID=iz3nj3pv-3@sbn=101@me=101,RncFunction=101,IubLink=31090,UtranCell=31091",1022,31091,18.36949,105.92263,0,0,,-104.1923
145,2025-08-03 13:00:00,2025-08-03 14:00:00,1Hour(s),101,101,HNRZ01(101),,60256,U144079(60256),60256,U144079A10M(60256),"urop:OMMOID=iz3nj3pv-3@sbn=101@me=101,RncFunction=101,IubLink=60256,UtranCell=60256",1013,60256,21.11558,105.28366,0,0,,-104.4294
146,2025-08-03 14:00:00,2025-08-03 15:00:00,1Hour(s),101,101,HNRZ01(101),,31090,U226028(31090),31091,U226028A20M(31091),"urop:OMMOID=iz3nj3pv-3@sbn=101@me=101,RncFunction=101,IubLink=31090,UtranCell=31091",1022,31091,18.36949,105.92263,0,0,,-104.5882
147,2025-08-03 14:00:00,2025-08-03 15:00:00,1Hour(s),101,101,HNRZ01(101),,60256,U144079(60256),60256,U144079A10M(60256),"urop:OMMOID=iz3nj3pv-3@sbn=101@me=101,RncFunction=101,IubLink=60256,UtranCell=60256",1013,60256,21.11558,105.28366,0,0,,-104.7093
148,2025-08-03 15:00:00,2025-08-03 16:00:00,1Hour(s),101,101,HNRZ01(101),,31090,U226028(31090),31091,U226028A20M(31091),"urop:OMMOID=iz3nj3pv-3@sbn=101@me=101,RncFunction=101,IubLink=31090,UtranCell=31091",1022,31091,18.36949,105.92263,0,0,,-104.6318
149,2025-08-03 15:00:00,2025-08-03 16:00:00,1Hour(s),101,101,HNRZ01(101),,60256,U144079(60256),60256,U144079A10M(60256),"urop:OMMOID=iz3nj3pv-3@sbn=101@me=101,RncFunction=101,IubLink=60256,UtranCell=60256",1013,60256,21.11558,105.28366,0,0,,-104.7574
150,2025-08-03 16:00:00,2025-08-03 17:00:00,1Hour(s),101,101,HNRZ01(101),,31090,U226028(31090),31091,U226028A20M(31091),"urop:OMMOID=iz3nj3pv-3@sbn=101@me=101,RncFunction=101,IubLink=31090,UtranCell=31091",1022,31091,18.36949,105.92263,0,0,,-104.5521
151,2025-08-03 16:00:00,2025-08-03 17:00:00,1Hour(s),101,101,HNRZ01(101),,60256,U144079(60256),60256,U144079A10M(60256),"urop:OMMOID=iz3nj3pv-3@sbn=101@me=101,RncFunction=101,IubLink=60256,UtranCell=60256",1013,60256,21.11558,105.28366,0,0,,-104.9963
152,2025-08-03 17:00:00,2025-08-03 18:00:00,1Hour(s),101,101,HNRZ01(101),,31090,U226028(31090),31091,U226028A20M(31091),"urop:OMMOID=iz3nj3pv-3@sbn=101@me=101,RncFunction=101,IubLink=31090,UtranCell=31091",1022,31091,18.36949,105.92263,0,0,,-104.6703
153,2025-08-03 18:00:00,2025-08-03 19:00:00,1Hour(s),101,101,HNRZ01(101),,31090,U226028(31090),31091,U226028A20M(31091),"urop:OMMOID=iz3nj3pv-3@sbn=101@me=101,RncFunction=101,IubLink=31090,UtranCell=31091",1022,31091,18.36949,105.92263,0,0,,-104.6809
154,2025-08-03 19:00:00,2025-08-03 20:00:00,1Hour(s),101,101,HNRZ01(101),,31090,U226028(31090),31091,U226028A20M(31091),"urop:OMMOID=iz3nj3pv-3@sbn=101@me=101,RncFunction=101,IubLink=31090,UtranCell=31091",1022,31091,18.36949,105.92263,0,0,,-104.8771
155,2025-08-03 21:00:00,2025-08-03 22:00:00,1Hour(s),101,101,HNRZ01(101),,31090,U226028(31090),31091,U226028A20M(31091),"urop:OMMOID=iz3nj3pv-3@sbn=101@me=101,RncFunction=101,IubLink=31090,UtranCell=31091",1022,31091,18.36949,105.92263,0,0,,-104.8346
156,2025-08-03 22:00:00,2025-08-03 23:00:00,1Hour(s),101,101,HNRZ01(101),,31090,U226028(31090),31091,U226028A20M(31091),"urop:OMMOID=iz3nj3pv-3@sbn=101@me=101,RncFunction=101,IubLink=31090,UtranCell=31091",1022,31091,18.36949,105.92263,0,0,,-104.8397
157,2025-08-03 22:00:00,2025-08-03 23:00:00,1Hour(s),101,101,HNRZ01(101),,60235,U144060(60235),60237,U144060A30M(60237),"urop:OMMOID=iz3nj3pv-3@sbn=101@me=101,RncFunction=101,IubLink=60235,UtranCell=60237",1013,60237,21.32869,105.32581,0,0,,-104.9416
158,2025-08-03 23:00:00,2025-08-04 00:00:00,1Hour(s),101,101,HNRZ01(101),,31090,U226028(31090),31091,U226028A20M(31091),"urop:OMMOID=iz3nj3pv-3@sbn=101@me=101,RncFunction=101,IubLink=31090,UtranCell=31091",1022,31091,18.36949,105.92263,0,0,,-104.4115
159,2025-08-04 00:00:00,2025-08-04 01:00:00,1Hour(s),101,101,HNRZ01(101),,31090,U226028(31090),31091,U226028A20M(31091),"urop:OMMOID=iz3nj3pv-3@sbn=101@me=101,RncFunction=101,IubLink=31090,UtranCell=31091",1022,31091,18.36949,105.92263,0,0,,-104.4223
160,2025-08-04 01:00:00,2025-08-04 02:00:00,1Hour(s),101,101,HNRZ01(101),,31090,U226028(31090),31091,U226028A20M(31091),"urop:OMMOID=iz3nj3pv-3@sbn=101@me=101,RncFunction=101,IubLink=31090,UtranCell=31091",1022,31091,18.36949,105.92263,0,0,,-104.3413
161,2025-08-04 02:00:00,2025-08-04 03:00:00,1Hour(s),101,101,HNRZ01(101),,31090,U226028(31090),31091,U226028A20M(31091),"urop:OMMOID=iz3nj3pv-3@sbn=101@me=101,RncFunction=101,IubLink=31090,UtranCell=31091",1022,31091,18.36949,105.92263,0,0,,-104.3364
162,2025-08-04 03:00:00,2025-08-04 04:00:00,1Hour(s),101,101,HNRZ01(101),,31090,U226028(31090),31091,U226028A20M(31091),"urop:OMMOID=iz3nj3pv-3@sbn=101@me=101,RncFunction=101,IubLink=31090,UtranCell=31091",1022,31091,18.36949,105.92263,0,0,,-104.3674
163,2025-08-04 04:00:00,2025-08-04 05:00:00,1Hour(s),101,101,HNRZ01(101),,31090,U226028(31090),31091,U226028A20M(31091),"urop:OMMOID=iz3nj3pv-3@sbn=101@me=101,RncFunction=101,IubLink=31090,UtranCell=31091",1022,31091,18.36949,105.92263,0,0,,-104.3946
164,2025-08-04 07:00:00,2025-08-04 08:00:00,1Hour(s),101,101,HNRZ01(101),,31090,U226028(31090),31091,U226028A20M(31091),"urop:OMMOID=iz3nj3pv-3@sbn=101@me=101,RncFunction=101,IubLink=31090,UtranCell=31091",1022,31091,18.36949,105.92263,0,0,,-104.9307
165,2025-08-04 08:00:00,2025-08-04 09:00:00,1Hour(s),101,101,HNRZ01(101),,31090,U226028(31090),31091,U226028A20M(31091),"urop:OMMOID=iz3nj3pv-3@sbn=101@me=101,RncFunction=101,IubLink=31090,UtranCell=31091",1022,31091,18.36949,105.92263,0,0,,-104.6691
166,2025-08-04 08:00:00,2025-08-04 09:00:00,1Hour(s),101,101,HNRZ01(101),,60436,U161032(60436),60438,U161032A30M(60438),"urop:OMMOID=iz3nj3pv-3@sbn=101@me=101,RncFunction=101,IubLink=60436,UtranCell=60438",1012,60438,21.81282,105.23128,0,0,,-104.9741
168,2025-08-04 09:00:00,2025-08-04 10:00:00,1Hour(s),101,101,HNRZ01(101),,60256,U144079(60256),60256,U144079A10M(60256),"urop:OMMOID=iz3nj3pv-3@sbn=101@me=101,RncFunction=101,IubLink=60256,UtranCell=60256",1013,60256,21.11558,105.28366,0,0,,-104.9328
167,2025-08-04 09:00:00,2025-08-04 10:00:00,1Hour(s),101,101,HNRZ01(101),,31090,U226028(31090),31091,U226028A20M(31091),"urop:OMMOID=iz3nj3pv-3@sbn=101@me=101,RncFunction=101,IubLink=31090,UtranCell=31091",1022,31091,18.36949,105.92263,0,0,,-104.8076
169,2025-08-04 10:00:00,2025-08-04 11:00:00,1Hour(s),101,101,HNRZ01(101),,60256,U144079(60256),60256,U144079A10M(60256),"urop:OMMOID=iz3nj3pv-3@sbn=101@me=101,RncFunction=101,IubLink=60256,UtranCell=60256",1013,60256,21.11558,105.28366,0,0,,-104.8365
170,2025-08-04 11:00:00,2025-08-04 12:00:00,1Hour(s),101,101,HNRZ01(101),,60256,U144079(60256),60256,U144079A10M(60256),"urop:OMMOID=iz3nj3pv-3@sbn=101@me=101,RncFunction=101,IubLink=60256,UtranCell=60256",1013,60256,21.11558,105.28366,0,0,,-104.9598
171,2025-08-04 15:00:00,2025-08-04 16:00:00,1Hour(s),101,101,HNRZ01(101),,31090,U226028(31090),31091,U226028A20M(31091),"urop:OMMOID=iz3nj3pv-3@sbn=101@me=101,RncFunction=101,IubLink=31090,UtranCell=31091",1022,31091,18.36949,105.92263,0,0,,-104.9499
172,2025-08-04 16:00:00,2025-08-04 17:00:00,1Hour(s),101,101,HNRZ01(101),,31090,U226028(31090),31091,U226028A20M(31091),"urop:OMMOID=iz3nj3pv-3@sbn=101@me=101,RncFunction=101,IubLink=31090,UtranCell=31091",1022,31091,18.36949,105.92263,0,0,,-104.9629
173,2025-08-04 16:00:00,2025-08-04 17:00:00,1Hour(s),101,101,HNRZ01(101),,60256,U144079(60256),60256,U144079A10M(60256),"urop:OMMOID=iz3nj3pv-3@sbn=101@me=101,RncFunction=101,IubLink=60256,UtranCell=60256",1013,60256,21.11558,105.28366,0,0,,-103.9852
174,2025-08-04 17:00:00,2025-08-04 18:00:00,1Hour(s),101,101,HNRZ01(101),,60256,U144079(60256),60256,U144079A10M(60256),"urop:OMMOID=iz3nj3pv-3@sbn=101@me=101,RncFunction=101,IubLink=60256,UtranCell=60256",1013,60256,21.11558,105.28366,0,0,,-103.8254
175,2025-08-04 18:00:00,2025-08-04 19:00:00,1Hour(s),101,101,HNRZ01(101),,31090,U226028(31090),31091,U226028A20M(31091),"urop:OMMOID=iz3nj3pv-3@sbn=101@me=101,RncFunction=101,IubLink=31090,UtranCell=31091",1022,31091,18.36949,105.92263,0,0,,-104.9028
176,2025-08-04 20:00:00,2025-08-04 21:00:00,1Hour(s),101,101,HNRZ01(101),,31090,U226028(31090),31091,U226028A20M(31091),"urop:OMMOID=iz3nj3pv-3@sbn=101@me=101,RncFunction=101,IubLink=31090,UtranCell=31091",1022,31091,18.36949,105.92263,0,0,,-104.4047
177,2025-08-04 21:00:00,2025-08-04 22:00:00,1Hour(s),101,101,HNRZ01(101),,31090,U226028(31090),31091,U226028A20M(31091),"urop:OMMOID=iz3nj3pv-3@sbn=101@me=101,RncFunction=101,IubLink=31090,UtranCell=31091",1022,31091,18.36949,105.92263,0,0,,-104.5008
178,2025-08-04 22:00:00,2025-08-04 23:00:00,1Hour(s),101,101,HNRZ01(101),,31090,U226028(31090),31091,U226028A20M(31091),"urop:OMMOID=iz3nj3pv-3@sbn=101@me=101,RncFunction=101,IubLink=31090,UtranCell=31091",1022,31091,18.36949,105.92263,0,0,,-104.6848
179,2025-08-05 01:00:00,2025-08-05 02:00:00,1Hour(s),101,101,HNRZ01(101),,31090,U226028(31090),31091,U226028A20M(31091),"urop:OMMOID=iz3nj3pv-3@sbn=101@me=101,RncFunction=101,IubLink=31090,UtranCell=31091",1022,31091,18.36949,105.92263,0,0,,-104.9521
180,2025-08-05 02:00:00,2025-08-05 03:00:00,1Hour(s),101,101,HNRZ01(101),,31090,U226028(31090),31091,U226028A20M(31091),"urop:OMMOID=iz3nj3pv-3@sbn=101@me=101,RncFunction=101,IubLink=31090,UtranCell=31091",1022,31091,18.36949,105.92263,0,0,,-104.9513
181,2025-08-05 05:00:00,2025-08-05 06:00:00,1Hour(s),101,101,HNRZ01(101),,31090,U226028(31090),31091,U226028A20M(31091),"urop:OMMOID=iz3nj3pv-3@sbn=101@me=101,RncFunction=101,IubLink=31090,UtranCell=31091",1022,31091,18.36949,105.92263,0,0,,-104.191
182,2025-08-05 06:00:00,2025-08-05 07:00:00,1Hour(s),101,101,HNRZ01(101),,31090,U226028(31090),31091,U226028A20M(31091),"urop:OMMOID=iz3nj3pv-3@sbn=101@me=101,RncFunction=101,IubLink=31090,UtranCell=31091",1022,31091,18.36949,105.92263,0,0,,-104.2415
183,2025-08-05 07:00:00,2025-08-05 08:00:00,1Hour(s),101,101,HNRZ01(101),,31090,U226028(31090),31091,U226028A20M(31091),"urop:OMMOID=iz3nj3pv-3@sbn=101@me=101,RncFunction=101,IubLink=31090,UtranCell=31091",1022,31091,18.36949,105.92263,0,0,,-104.1278
184,2025-08-05 08:00:00,2025-08-05 09:00:00,1Hour(s),101,101,HNRZ01(101),,31090,U226028(31090),31091,U226028A20M(31091),"urop:OMMOID=iz3nj3pv-3@sbn=101@me=101,RncFunction=101,IubLink=31090,UtranCell=31091",1022,31091,18.36949,105.92263,0,0,,-104.1579
185,2025-08-05 08:00:00,2025-08-05 09:00:00,1Hour(s),101,101,HNRZ01(101),,60058,U130014(60058),60059,U130014A20M(60059),"urop:OMMOID=iz3nj3pv-3@sbn=101@me=101,RncFunction=101,IubLink=60058,UtranCell=60059",1015,60059,20.3913,105.61949,0,0,,-104.3615
186,2025-08-05 09:00:00,2025-08-05 10:00:00,1Hour(s),101,101,HNRZ01(101),,31090,U226028(31090),31091,U226028A20M(31091),"urop:OMMOID=iz3nj3pv-3@sbn=101@me=101,RncFunction=101,IubLink=31090,UtranCell=31091",1022,31091,18.36949,105.92263,0,0,,-104.7844
187,2025-08-05 10:00:00,2025-08-05 11:00:00,1Hour(s),101,101,HNRZ01(101),,31090,U226028(31090),31091,U226028A20M(31091),"urop:OMMOID=iz3nj3pv-3@sbn=101@me=101,RncFunction=101,IubLink=31090,UtranCell=31091",1022,31091,18.36949,105.92263,0,0,,-104.9545
188,2025-08-05 11:00:00,2025-08-05 12:00:00,1Hour(s),101,101,HNRZ01(101),,31090,U226028(31090),31091,U226028A20M(31091),"urop:OMMOID=iz3nj3pv-3@sbn=101@me=101,RncFunction=101,IubLink=31090,UtranCell=31091",1022,31091,18.36949,105.92263,0,0,,-104.9527
189,2025-08-05 11:00:00,2025-08-05 12:00:00,1Hour(s),101,101,HNRZ01(101),,60277,U144086(60277),60277,U144086A10M(60277),"urop:OMMOID=iz3nj3pv-3@sbn=101@me=101,RncFunction=101,IubLink=60277,UtranCell=60277",1013,60277,21.33423,105.34723,0,0,,-104.9967
190,2025-08-05 12:00:00,2025-08-05 13:00:00,1Hour(s),101,101,HNRZ01(101),,60277,U144086(60277),60277,U144086A10M(60277),"urop:OMMOID=iz3nj3pv-3@sbn=101@me=101,RncFunction=101,IubLink=60277,UtranCell=60277",1013,60277,21.33423,105.34723,0,0,,-104.9529
191,2025-08-05 17:00:00,2025-08-05 18:00:00,1Hour(s),101,101,HNRZ01(101),,31090,U226028(31090),31091,U226028A20M(31091),"urop:OMMOID=iz3nj3pv-3@sbn=101@me=101,RncFunction=101,IubLink=31090,UtranCell=31091",1022,31091,18.36949,105.92263,0,0,,-104.9093
192,2025-08-05 18:00:00,2025-08-05 19:00:00,1Hour(s),101,101,HNRZ01(101),,31090,U226028(31090),31091,U226028A20M(31091),"urop:OMMOID=iz3nj3pv-3@sbn=101@me=101,RncFunction=101,IubLink=31090,UtranCell=31091",1022,31091,18.36949,105.92263,0,0,,-104.6411
193,2025-08-05 19:00:00,2025-08-05 20:00:00,1Hour(s),101,101,HNRZ01(101),,31090,U226028(31090),31091,U226028A20M(31091),"urop:OMMOID=iz3nj3pv-3@sbn=101@me=101,RncFunction=101,IubLink=31090,UtranCell=31091",1022,31091,18.36949,105.92263,0,0,,-104.5473
194,2025-08-05 20:00:00,2025-08-05 21:00:00,1Hour(s),101,101,HNRZ01(101),,31090,U226028(31090),31091,U226028A20M(31091),"urop:OMMOID=iz3nj3pv-3@sbn=101@me=101,RncFunction=101,IubLink=31090,UtranCell=31091",1022,31091,18.36949,105.92263,0,0,,-104.4958
195,2025-08-05 21:00:00,2025-08-05 22:00:00,1Hour(s),101,101,HNRZ01(101),,31090,U226028(31090),31091,U226028A20M(31091),"urop:OMMOID=iz3nj3pv-3@sbn=101@me=101,RncFunction=101,IubLink=31090,UtranCell=31091",1022,31091,18.36949,105.92263,0,0,,-104.3008
196,2025-08-05 21:00:00,2025-08-05 22:00:00,1Hour(s),101,101,HNRZ01(101),,60235,U144060(60235),60237,U144060A30M(60237),"urop:OMMOID=iz3nj3pv-3@sbn=101@me=101,RncFunction=101,IubLink=60235,UtranCell=60237",1013,60237,21.32869,105.32581,0,0,,-104.6157
197,2025-08-05 22:00:00,2025-08-05 23:00:00,1Hour(s),101,101,HNRZ01(101),,31090,U226028(31090),31091,U226028A20M(31091),"urop:OMMOID=iz3nj3pv-3@sbn=101@me=101,RncFunction=101,IubLink=31090,UtranCell=31091",1022,31091,18.36949,105.92263,0,0,,-104.0847
198,2025-08-05 23:00:00,2025-08-06 00:00:00,1Hour(s),101,101,HNRZ01(101),,31090,U226028(31090),31091,U226028A20M(31091),"urop:OMMOID=iz3nj3pv-3@sbn=101@me=101,RncFunction=101,IubLink=31090,UtranCell=31091",1022,31091,18.36949,105.92263,0,0,,-104.1003
199,2025-08-06 00:00:00,2025-08-06 01:00:00,1Hour(s),101,101,HNRZ01(101),,31090,U226028(31090),31091,U226028A20M(31091),"urop:OMMOID=iz3nj3pv-3@sbn=101@me=101,RncFunction=101,IubLink=31090,UtranCell=31091",1022,31091,18.36949,105.92263,0,0,,-104.2663
200,2025-08-06 01:00:00,2025-08-06 02:00:00,1Hour(s),101,101,HNRZ01(101),,31090,U226028(31090),31091,U226028A20M(31091),"urop:OMMOID=iz3nj3pv-3@sbn=101@me=101,RncFunction=101,IubLink=31090,UtranCell=31091",1022,31091,18.36949,105.92263,0,0,,-104.2851
201,2025-08-06 02:00:00,2025-08-06 03:00:00,1Hour(s),101,101,HNRZ01(101),,31090,U226028(31090),31091,U226028A20M(31091),"urop:OMMOID=iz3nj3pv-3@sbn=101@me=101,RncFunction=101,IubLink=31090,UtranCell=31091",1022,31091,18.36949,105.92263,0,0,,-104.3081
202,2025-08-06 03:00:00,2025-08-06 04:00:00,1Hour(s),101,101,HNRZ01(101),,31090,U226028(31090),31091,U226028A20M(31091),"urop:OMMOID=iz3nj3pv-3@sbn=101@me=101,RncFunction=101,IubLink=31090,UtranCell=31091",1022,31091,18.36949,105.92263,0,0,,-104.3007
203,2025-08-06 04:00:00,2025-08-06 05:00:00,1Hour(s),101,101,HNRZ01(101),,31090,U226028(31090),31091,U226028A20M(31091),"urop:OMMOID=iz3nj3pv-3@sbn=101@me=101,RncFunction=101,IubLink=31090,UtranCell=31091",1022,31091,18.36949,105.92263,0,0,,-104.3415
204,2025-08-06 06:00:00,2025-08-06 07:00:00,1Hour(s),101,101,HNRZ01(101),,31090,U226028(31090),31091,U226028A20M(31091),"urop:OMMOID=iz3nj3pv-3@sbn=101@me=101,RncFunction=101,IubLink=31090,UtranCell=31091",1022,31091,18.36949,105.92263,0,0,,-104.5643
205,2025-08-06 07:00:00,2025-08-06 08:00:00,1Hour(s),101,101,HNRZ01(101),,31090,U226028(31090),31091,U226028A20M(31091),"urop:OMMOID=iz3nj3pv-3@sbn=101@me=101,RncFunction=101,IubLink=31090,UtranCell=31091",1022,31091,18.36949,105.92263,0,0,,-104.6079
206,2025-08-06 08:00:00,2025-08-06 09:00:00,1Hour(s),101,101,HNRZ01(101),,31090,U226028(31090),31091,U226028A20M(31091),"urop:OMMOID=iz3nj3pv-3@sbn=101@me=101,RncFunction=101,IubLink=31090,UtranCell=31091",1022,31091,18.36949,105.92263,0,0,,-104.7631
