Date,VoLTE Traffic (Erl),VoLTE RAB Att QCI5,VoLTE RAB Succ QCI5,VoLTE HO Ongoing QCI5,VoLTE CSSR QCI5,VoLTE RAB Att QCI1,VoLTE RAB Succ QCI1,VoLTE CSSR QCI1,VoLTE Call Att QCI5,VoLTE Call Drop QCI5,VoLTE CDR QCI5,VoLTE Call Att QCI1,VoLTE Call Drop QCI1,VoLTE CDR QCI1,pmHoPrepAttSrvcc,pmHoPrepSuccSrvcc,pmHoExeAttSrvcc,pmHoExeSuccSrvcc,SRVCC HOSR UTRAN,SRVCC HO Att UTRAN,VOLTE DL Packet Loss,VOLTE DL Packet Loss_Mau so,VOLTE UL Packet Loss,VOLTE UL Packet Loss_Mau so
2025-07-23 00:00:00,0.326666666666667,7311,7302,2,99.9042276645232,11.0,11.0,100.0,6654,19,0.285542530808536,10.0,0,0.0,2,2,2,1,50.0,2,0.400279264603212,42970.0,0.0302846759539673,23114.0
2025-07-23 01:00:00,1.07305555555556,7501,7489,4,99.8932906495932,11.0,11.0,100.0,6790,18,0.265095729013255,10.0,0,0.0,1,0,0,0,,1,0.499375780274657,53667.0,0.0310679611650485,77250.0
2025-07-23 02:00:00,0.728055555555556,6907,6894,3,99.8551564310545,12.0,12.0,100.0,6382,13,0.20369790034472,11.0,0,0.0,0,0,0,0,100.0,0,0.911199469847581,6036.0,0.0191558648872997,31322.0
2025-07-23 03:00:00,0.122222222222222,6561,6557,2,99.9695075468821,7.0,7.0,100.0,5967,18,0.301659125188537,9.0,0,0.0,0,0,0,0,100.0,0,0.28735632183908,2088.0,,5132.0
2025-07-23 04:00:00,0.556111111111111,6626,6620,2,99.93961352657,10.0,10.0,100.0,6090,21,0.344827586206897,9.0,0,0.0,6,0,0,0,,6,0.749146193676325,18154.0,0.0267758099682515,26143.0
2025-07-23 05:00:00,0.731111111111111,7220,7217,1,99.9722953317634,2.0,2.0,100.0,6601,16,0.242387517042872,2.0,0,0.0,1,0,0,0,,1,0.692974013474495,5195.0,0.0489827907128629,30623.0
2025-07-23 06:00:00,0.312777777777778,8748,8746,2,100.0,7.0,7.0,100.0,7982,26,0.325732899022801,7.0,0,0.0,4,3,3,1,25.0,4,0.56586601242531,25271.0,0.0373738632116606,16054.0
2025-07-23 07:00:00,0.116111111111111,10706,10688,9,99.9158642610078,23.0,23.0,100.0,9457,45,0.47583800359522,21.0,1,4.76190476190476,1,1,1,1,100.0,1,1.07728337236534,17080.0,0.0475918522748905,10506.0
2025-07-23 08:00:00,0.433611111111111,11517,11475,6,99.687255668491,41.0,41.0,100.0,10340,106,1.02514506769826,40.0,0,0.0,9,5,5,2,22.2222222222222,9,0.309056158757269,49182.0,0.308821554849394,44686.0
2025-07-23 09:00:00,1.51666666666667,12289,12201,11,99.3728620296465,78.0,78.0,100.0,11006,104,0.94493912411412,71.0,0,0.0,14,8,8,6,42.8571428571429,14,0.137307769123227,200280.0,0.0279971883674661,167874.0
2025-07-23 10:00:00,1.06861111111111,11787,11759,12,99.864118895966,92.0,92.0,100.0,10616,56,0.52750565184627,90.0,0,0.0,5,4,4,2,40.0,5,0.167325720251418,139847.0,0.0505757401112666,85021.0
2025-07-23 11:00:00,1.01944444444444,12146,12117,10,99.8434410019776,77.0,77.0,100.0,10928,75,0.686310395314788,76.0,0,0.0,3,3,3,1,33.3333333333333,3,0.113911433860174,112368.0,0.0720698137151989,63827.0
2025-07-23 12:00:00,0.141111111111111,11416,11350,7,99.4828644052941,18.0,18.0,100.0,10186,72,0.706852542705675,19.0,0,0.0,1,1,1,0,0.0,1,0.302261564203595,18527.0,,9423.0
2025-07-23 13:00:00,0.616111111111111,12423,12361,12,99.597131576827,51.0,50.0,100.0,11092,109,0.982690227190768,49.0,2,4.08163265306122,2,2,2,0,0.0,2,0.0894866719093202,73754.0,0.0291527296161046,65174.0
2025-07-23 14:00:00,0.728611111111111,14097,14058,15,99.8295696634001,103.0,103.0,100.0,12533,83,0.662251655629139,98.0,0,0.0,21,7,7,5,23.8095238095238,21,0.400303526850029,90931.0,1.32244811595225,56713.0
2025-07-23 15:00:00,1.24444444444444,13819,13797,8,99.8986315255955,103.0,102.0,100.0,12472,43,0.344772289929442,101.0,1,0.99009900990099,7,7,7,0,0.0,7,0.169393088761979,165296.0,0.0533641659625562,89948.0
2025-07-23 16:00:00,2.04361111111111,14453,14420,14,99.868411939885,103.0,103.0,100.0,13139,68,0.517543192023746,100.0,2,2.0,40,7,7,3,7.5,40,1.22406832992524,245983.0,0.066301006569827,149319.0
2025-07-23 17:00:00,1.30027777777778,14461,14428,17,99.8892273608419,76.0,76.0,100.0,13065,80,0.612323000382702,72.0,0,0.0,113,6,6,4,3.53982300884956,113,0.143864494347806,190457.0,0.215649210617396,112683.0
2025-07-23 18:00:00,0.730555555555556,12878,12845,10,99.8212620453839,57.0,57.0,100.0,11676,63,0.539568345323741,56.0,0,0.0,57,3,3,1,1.75438596491228,57,0.290282623701056,105759.0,0.0763157122310605,68138.0
2025-07-23 19:00:00,0.464722222222222,12135,12103,7,99.7938654353562,54.0,54.0,100.0,10820,59,0.545286506469501,53.0,0,0.0,19,2,2,2,10.5263157894737,19,0.284372824621947,67517.0,0.0263789601413912,37909.0
2025-07-23 20:00:00,0.601944444444444,11180,11144,18,99.8387385773159,63.0,63.0,100.0,9871,41,0.415358119744707,63.0,1,1.58730158730159,4,0,0,0,,4,0.672241142682865,78692.0,0.0400056478561679,42494.0
2025-07-23 21:00:00,0.448333333333333,11024,10993,25,99.945449586326,59.0,59.0,100.0,9575,52,0.543080939947781,60.0,0,0.0,405,1,1,0,0.0,405,0.171912405006346,62241.0,0.0146184582399376,41044.0
2025-07-23 22:00:00,0.391388888888889,10675,10648,20,99.9343031440638,55.0,55.0,100.0,9321,52,0.557880055788006,52.0,0,0.0,78,1,1,0,0.0,78,1.10764370473108,51912.0,0.0239549646664271,25047.0
2025-07-23 23:00:00,0.4775,9335,9324,8,99.9678353168221,40.0,39.0,100.0,8345,43,0.515278609946076,39.0,0,0.0,1,0,0,0,,1,0.541098303719736,39734.0,0.037634858242034,23914.0
2025-07-24 00:00:00,0.0736111111111111,8944,8932,4,99.910514541387,16.0,16.0,100.0,7896,23,0.29128672745694,16.0,0,0.0,0,0,0,0,100.0,0,0.403424185771918,10163.0,0.135722041259501,3684.0
2025-07-24 01:00:00,0.0230555555555556,8114,8097,9,99.901295496607,7.0,7.0,100.0,7194,20,0.278009452321379,7.0,0,0.0,0,0,0,0,100.0,0,0.949913644214162,3474.0,,265.0
2025-07-24 02:00:00,0.0372222222222222,7860,7828,9,99.7070436887021,6.0,6.0,100.0,6931,34,0.490549704227384,6.0,0,0.0,0,0,0,0,100.0,0,0.190985485103132,5236.0,,2033.0
2025-07-24 03:00:00,0.0744444444444444,7814,7803,6,99.9359631147541,3.0,3.0,100.0,7096,18,0.253664036076663,3.0,0,0.0,0,0,0,0,100.0,0,0.0090049527239982,11105.0,0.110782865583456,2708.0
2025-07-24 04:00:00,0.0,7367,7364,2,99.9864222674813,1.0,1.0,100.0,6914,13,0.188024298524732,1.0,0,0.0,0,0,0,0,100.0,0,,,,
2025-07-24 05:00:00,0.00333333333333333,7913,7902,1,99.8736097067745,2.0,2.0,100.0,7510,22,0.292942743009321,2.0,0,0.0,0,0,0,0,100.0,0,,565.0,,303.0
2025-07-24 06:00:00,0.0747222222222222,10001,9988,5,99.9199679871949,8.0,8.0,100.0,9227,32,0.346808280047686,8.0,0,0.0,0,0,0,0,100.0,0,0.424292845257904,12020.0,6.38671875,5120.0
2025-07-24 07:00:00,0.0747222222222222,11834,11805,16,99.8899983076663,13.0,13.0,100.0,10609,64,0.603261381845603,10.0,0,0.0,3,3,3,3,100.0,3,0.737895481653694,9893.0,0.088292424509977,5663.0
2025-07-24 08:00:00,0.145277777777778,11976,11958,8,99.9164438502674,25.0,25.0,100.0,10974,73,0.665208675050119,22.0,1,4.54545454545455,2,2,2,2,100.0,2,1.39952468972802,22722.0,0.0476009139375476,10504.0
2025-07-24 09:00:00,0.757222222222222,12429,12409,10,99.9194782188582,78.0,78.0,100.0,11394,75,0.658241179568194,75.0,1,1.33333333333333,6,3,3,3,50.0,6,0.86551592018784,101789.0,0.193215415737331,77116.0
2025-07-24 10:00:00,1.09444444444444,12351,12337,9,99.9594879274024,67.0,67.0,100.0,11363,75,0.660036962069876,61.0,0,0.0,18,8,8,6,33.3333333333333,18,0.170366590852092,115633.0,0.0363595046017498,88010.0
2025-07-24 11:00:00,0.659166666666667,12300,12280,2,99.8536347373557,59.0,59.0,100.0,11315,92,0.813079982324348,57.0,0,0.0,6,6,6,5,83.3333333333333,6,0.652893766790928,96034.0,0.442893333569543,56447.0
2025-07-24 12:00:00,0.22,12233,12197,11,99.7954508263787,24.0,24.0,100.0,11092,68,0.613054453660296,21.0,0,0.0,19,5,5,2,10.5263157894737,19,0.217453870998689,31271.0,0.0487135202161109,22581.0
2025-07-24 13:00:00,0.2325,12900,12871,10,99.8525989138867,26.0,26.0,100.0,11533,74,0.641637041532992,26.0,0,0.0,1,1,1,1,100.0,1,0.118252069411215,36363.0,0.0462787664605158,23769.0
2025-07-24 14:00:00,0.44,12932,12895,14,99.8219538628271,48.0,48.0,100.0,11609,71,0.611594452579895,45.0,0,0.0,4,3,3,3,75.0,4,0.123300396925935,59205.0,0.018385732671447,38073.0
2025-07-24 15:00:00,0.596388888888889,13841,13802,18,99.848079288143,65.0,65.0,100.0,12450,74,0.594377510040161,61.0,0,0.0,20,1,1,1,5.0,20,0.408410990428263,79087.0,0.0906121986672456,52973.0
2025-07-24 16:00:00,0.729722222222222,14460,14411,15,99.7646244375216,81.0,81.0,100.0,12843,106,0.825352332009655,75.0,0,0.0,7,6,6,5,71.4285714285714,7,0.207453187972037,92551.0,0.116325767542341,72211.0
2025-07-24 17:00:00,0.4275,15734,15686,16,99.796411757221,66.0,66.0,100.0,13995,152,1.08610217934977,66.0,2,3.03030303030303,123,5,5,1,0.813008130081301,123,0.203810214691608,57897.0,0.0959757159118809,44803.0
2025-07-24 18:00:00,0.491666666666667,14899,14862,21,99.8924586637989,43.0,43.0,100.0,13126,78,0.594240438823709,41.0,0,0.0,8,2,2,1,12.5,8,0.259075542636883,63302.0,0.0752865747037109,41176.0
2025-07-24 19:00:00,0.306944444444444,14147,14110,19,99.8725934314836,41.0,41.0,100.0,12557,41,0.326511109341403,42.0,0,0.0,2,2,2,0,0.0,2,1.48697949427601,39745.0,0.130271449345613,33008.0
2025-07-24 20:00:00,0.4475,13371,13342,22,99.9475616151023,61.0,61.0,100.0,11839,40,0.337866373849143,62.0,0,0.0,11,0,0,0,,11,0.426757159751144,58347.0,0.108980917218985,44962.0
2025-07-24 21:00:00,0.908333333333333,12187,12158,10,99.8439681366511,62.0,62.0,100.0,11005,52,0.472512494320763,59.0,0,0.0,2,1,1,1,50.0,2,0.178234111266833,131288.0,0.0305079574922459,59001.0
2025-07-24 22:00:00,0.232222222222222,11487,11455,14,99.843109910224,27.0,26.0,100.0,10211,38,0.372147683870336,27.0,0,0.0,0,0,0,0,100.0,0,0.0165425971877585,30225.0,0.0218435998252512,13734.0
2025-07-24 23:00:00,0.02,10344,10329,6,99.9129425420778,15.0,15.0,100.0,9331,38,0.407244668309935,15.0,0,0.0,1,0,0,0,,1,0.287047003946896,2787.0,,1745.0
2025-07-25 00:00:00,0.101944444444444,10056,10045,8,99.9701433121019,22.0,22.0,100.0,9065,24,0.264754550468836,22.0,0,0.0,0,0,0,0,100.0,0,0.306367475366399,12077.0,0.223619846261356,7155.0
2025-07-25 01:00:00,0.552222222222222,9724,9709,7,99.9176700627766,11.0,11.0,100.0,8812,10,0.113481615978212,10.0,0,0.0,2,0,0,0,,2,0.046597622018128,66527.0,0.00296348980559507,33744.0
2025-07-25 02:00:00,0.331111111111111,9050,9043,4,99.9668361706832,2.0,2.0,100.0,8372,8,0.0955566172957477,3.0,0,0.0,0,0,0,0,100.0,0,0.016850146034599,35608.0,,24802.0
2025-07-25 03:00:00,0.0,9141,9131,4,99.9343329320346,,,100.0,8423,13,0.154339309034786,,0,0.0,0,0,0,0,100.0,0,,,,
2025-07-25 04:00:00,0.00583333333333333,9076,9070,4,99.9779541446208,2.0,2.0,100.0,8280,14,0.169082125603865,2.0,0,0.0,0,0,0,0,100.0,0,,339.0,,808.0
2025-07-25 05:00:00,0.000277777777777778,9404,9396,5,99.9680817108203,4.0,4.0,100.0,8837,28,0.316849609596017,4.0,0,0.0,1,1,1,0,0.0,1,5.45454545454545,55.0,,
2025-07-25 06:00:00,0.111388888888889,10349,10332,6,99.8936478777918,16.0,16.0,100.0,9316,29,0.311292400171748,16.0,0,0.0,1,1,1,0,0.0,1,0.299764470772964,14011.0,0.0653777902306902,10707.0
2025-07-25 07:00:00,0.178888888888889,11817,11803,7,99.9407281964437,25.0,25.0,100.0,10648,42,0.394440270473328,25.0,0,0.0,1,1,1,0,0.0,1,0.364201427669596,20593.0,0.0815056312981624,13496.0
2025-07-25 08:00:00,0.285555555555556,12681,12650,12,99.8500276264899,44.0,44.0,100.0,11451,68,0.593834599598288,41.0,0,0.0,6,6,6,2,33.3333333333333,6,0.230807827395886,39860.0,0.0488501427927251,26612.0
2025-07-25 09:00:00,0.551388888888889,12461,12430,11,99.8393574297189,53.0,53.0,100.0,11320,79,0.697879858657244,50.0,0,0.0,7,7,7,2,28.5714285714286,7,0.237939190151882,70186.0,0.0617105390029891,51855.0
2025-07-25 10:00:00,0.670555555555556,12565,12524,17,99.8087344596749,52.0,52.0,100.0,11351,56,0.493348603647256,50.0,0,0.0,7,4,4,3,42.8571428571429,7,0.149612272420769,94912.0,0.0492098307181823,71124.0
2025-07-25 11:00:00,0.289722222222222,13005,12974,10,99.8383993843786,56.0,56.0,100.0,11644,81,0.695637238062522,56.0,0,0.0,1,1,1,1,100.0,1,0.286833113012247,40093.0,0.0742721330956625,20196.0
2025-07-25 12:00:00,0.153888888888889,12214,12180,14,99.8360655737705,29.0,29.0,100.0,10851,67,0.617454612478113,28.0,0,0.0,0,0,0,0,100.0,0,0.254160072891191,20853.0,,15790.0
2025-07-25 13:00:00,0.179722222222222,12299,12266,13,99.8372130880677,42.0,42.0,100.0,10775,60,0.556844547563805,40.0,1,2.5,4,4,4,2,50.0,4,0.525464834276475,24740.0,2.22065063649222,14140.0
2025-07-25 14:00:00,0.772222222222222,13092,13056,17,99.8546845124283,66.0,66.0,100.0,11571,105,0.907441016333938,59.0,0,0.0,168,7,7,5,2.97619047619048,168,0.225673808988403,124516.0,0.188971358317017,43922.0
2025-07-25 15:00:00,0.887222222222222,12971,12938,15,99.8610682309355,53.0,53.0,100.0,11642,88,0.755883868751074,54.0,0,0.0,8,4,4,2,25.0,8,0.450733659797923,112927.0,0.257760078555453,73324.0
2025-07-25 16:00:00,0.443888888888889,13928,13890,20,99.8705780845556,58.0,58.0,100.0,12524,75,0.598850207601405,54.0,0,0.0,7,2,2,1,14.2857142857143,7,0.105830134735978,63309.0,0.0216436831364789,32342.0
2025-07-25 17:00:00,0.35,13670,13635,16,99.8608466383477,60.0,60.0,100.0,12218,80,0.654771648387625,61.0,0,0.0,7,2,2,0,0.0,7,0.207361327112494,44367.0,0.0413180456564405,29043.0
2025-07-25 18:00:00,0.355833333333333,13102,13050,28,99.8164295548417,39.0,39.0,100.0,11606,103,0.887471997242806,39.0,1,2.56410256410256,7,2,2,1,14.2857142857143,7,0.30407164427783,48015.0,0.0716974368166338,39053.0
2025-07-25 19:00:00,0.341944444444444,11179,11133,26,99.8206760512867,45.0,45.0,100.0,9768,55,0.563063063063063,40.0,0,0.0,5,5,5,4,80.0,5,0.149697397403819,46761.0,0.058320940133555,34293.0
2025-07-25 20:00:00,0.321666666666667,11874,11841,17,99.865058615164,23.0,23.0,100.0,10456,65,0.621652639632747,21.0,1,4.76190476190476,5,4,4,2,40.0,5,0.395491398062092,45513.0,0.22802033492823,26752.0
2025-07-25 21:00:00,0.236666666666667,11234,11205,12,99.8485118517198,30.0,30.0,100.0,9891,50,0.505510059650187,31.0,0,0.0,10,3,3,0,0.0,10,0.444088526499709,27472.0,0.0101765633745484,19653.0
2025-07-25 22:00:00,0.0577777777777778,10991,10966,8,99.845215332787,12.0,12.0,100.0,9646,43,0.44578063445988,11.0,0,0.0,2,2,2,1,50.0,2,0.0246669955599408,8108.0,,3178.0
2025-07-25 23:00:00,0.0847222222222222,9465,9440,15,99.8941798941799,15.0,15.0,100.0,8559,25,0.292090197452973,15.0,0,0.0,0,0,0,0,100.0,0,0.404211317916902,10638.0,,5828.0
2025-07-26 00:00:00,0.0447222222222222,8982,8966,13,99.9665514550117,14.0,14.0,100.0,8377,27,0.322311089888982,14.0,0,0.0,0,0,0,0,100.0,0,1.25079164027866,6316.0,0.0353606789250354,2828.0
2025-07-26 01:00:00,0.0122222222222222,8710,8704,3,99.9655449638222,4.0,4.0,100.0,8303,28,0.337227508129592,4.0,0,0.0,0,0,0,0,100.0,0,,1499.0,,250.0
2025-07-26 02:00:00,0.195555555555556,8382,8377,4,99.9880639770828,4.0,4.0,100.0,7976,15,0.188064192577733,4.0,0,0.0,0,0,0,0,100.0,0,0.0382379932701132,13076.0,0.00396494984338448,25221.0
2025-07-26 03:00:00,0.00722222222222222,7686,7676,7,99.9609324130746,1.0,1.0,100.0,7163,8,0.111685048164177,1.0,0,0.0,0,0,0,0,100.0,0,,1076.0,,523.0
2025-07-26 04:00:00,0.00444444444444444,7880,7867,8,99.9364837398374,1.0,1.0,100.0,7398,26,0.351446336847797,1.0,0,0.0,0,0,0,0,100.0,0,,362.0,,427.0
2025-07-26 05:00:00,0.000277777777777778,8514,8496,12,99.9294283697953,1.0,1.0,100.0,7844,14,0.178480367159612,1.0,0,0.0,0,0,0,0,100.0,0,,7.0,,14.0
2025-07-26 06:00:00,0.0286111111111111,9600,9589,7,99.9583029292192,10.0,10.0,100.0,8860,20,0.225733634311512,10.0,0,0.0,2,2,2,0,0.0,2,0.413329888917592,3871.0,,1680.0
2025-07-26 07:00:00,0.179722222222222,10947,10932,8,99.9360087759393,27.0,27.0,100.0,10029,51,0.508525276697577,27.0,0,0.0,0,0,0,0,100.0,0,0.406754008418862,21143.0,0.0342700479780672,11672.0
2025-07-26 08:00:00,0.237222222222222,11461,11434,21,99.9475524475525,33.0,33.0,100.0,10502,34,0.323747857550943,32.0,0,0.0,7,7,7,1,14.2857142857143,7,0.356112778856907,33978.0,0.0396255386596662,20189.0
2025-07-26 09:00:00,0.3525,11315,11291,11,99.8849964614296,50.0,50.0,100.0,10177,52,0.510956077429498,44.0,0,0.0,6,6,6,3,50.0,6,0.354818243767183,42557.0,0.0597104045379907,33495.0
2025-07-26 10:00:00,0.243611111111111,11632,11595,19,99.8450012916559,38.0,38.0,100.0,10444,69,0.660666411336653,38.0,0,0.0,5,5,5,3,60.0,5,0.278281911675741,33060.0,0.00870435653044349,22977.0
2025-07-26 11:00:00,0.296944444444444,11263,11241,9,99.8844855162609,50.0,50.0,100.0,10106,51,0.504650702552939,47.0,0,0.0,12,8,8,2,16.6666666666667,12,0.271388832349549,44217.0,0.0097018304120044,30922.0
2025-07-26 12:00:00,0.197777777777778,11543,11509,19,99.8698368622006,24.0,24.0,100.0,10364,68,0.656117329216519,20.0,0,0.0,5,5,5,5,100.0,5,0.281700314204197,27689.0,0.23943661971831,21300.0
2025-07-26 13:00:00,0.227222222222222,11344,11311,18,99.867561363235,28.0,28.0,100.0,10247,46,0.448911876646823,27.0,0,0.0,4,4,4,1,25.0,4,0.378192041232973,29879.0,0.0734297333935834,17704.0
2025-07-26 14:00:00,0.235,11934,11903,14,99.8573825503356,34.0,34.0,100.0,10863,72,0.662800331400166,32.0,0,0.0,3,3,3,2,66.6666666666667,3,0.474674708214665,35814.0,0.121592218098042,15626.0
2025-07-26 15:00:00,0.290277777777778,12449,12416,15,99.8552356442014,41.0,41.0,100.0,11331,69,0.608948901244374,38.0,0,0.0,4,4,4,3,75.0,4,0.157806722095296,42457.0,0.0386059733969747,28493.0
2025-07-26 16:00:00,0.47,12438,12409,18,99.9114331723027,51.0,51.0,100.0,11336,57,0.502822865208186,49.0,0,0.0,3,3,3,1,33.3333333333333,3,0.258342632649006,65417.0,0.0462453204140057,45410.0
2025-07-26 17:00:00,0.505277777777778,11852,11821,22,99.9239222316145,47.0,47.0,100.0,10662,68,0.637779028324892,46.0,2,4.34782608695652,3,3,3,3,100.0,3,0.476335796834158,75367.0,2.02235353396546,43662.0
2025-07-26 18:00:00,0.240277777777778,11267,11222,17,99.7511111111111,56.0,56.0,100.0,9982,85,0.851532758966139,51.0,0,0.0,16,6,6,3,18.75,16,0.449752784893072,33574.0,0.092411951945785,19478.0
2025-07-26 19:00:00,0.211111111111111,11438,11402,18,99.8423817863398,48.0,48.0,100.0,10104,50,0.494853523357086,46.0,0,0.0,6,6,6,4,66.6666666666667,6,0.729184925503944,28525.0,0.286761191652063,18831.0
2025-07-26 20:00:00,0.315,11009,10981,17,99.8999272197962,33.0,33.0,100.0,9464,41,0.433220625528318,32.0,0,0.0,9,3,3,0,0.0,9,0.149467255994705,46833.0,0.00486073980459826,20573.0
2025-07-26 21:00:00,0.151388888888889,11991,11971,10,99.9165345129789,28.0,28.0,100.0,10523,65,0.617694573790744,28.0,0,0.0,1,1,1,1,100.0,1,0.430439373020385,24626.0,0.0407213496218732,17190.0
2025-07-26 22:00:00,0.278611111111111,11363,11341,13,99.920704845815,22.0,22.0,100.0,10096,29,0.287242472266244,22.0,0,0.0,1,0,0,0,,1,0.161069021058283,33526.0,0.0739939666457966,35138.0
2025-07-26 23:00:00,0.0488888888888889,10135,10119,4,99.8815516730826,8.0,8.0,100.0,9290,30,0.322927879440258,8.0,0,0.0,0,0,0,0,100.0,0,0.31055900621118,5152.0,,2398.0
2025-07-27 00:00:00,0.205,9565,9556,4,99.9477042150403,12.0,12.0,100.0,8854,19,0.214592274678112,12.0,0,0.0,19,0,0,0,,19,0.0716664558829729,23721.0,0.0373111124930042,16081.0
2025-07-27 01:00:00,0.773055555555556,8283,8265,11,99.9153771760155,2.0,2.0,100.0,7840,16,0.204081632653061,1.0,0,0.0,0,0,0,0,100.0,0,0.278122347718222,76585.0,0.162157153446998,64752.0
2025-07-27 02:00:00,0.622777777777778,8322,8315,4,99.9639336378937,2.0,2.0,100.0,7924,22,0.2776375567895,3.0,0,0.0,0,0,0,0,100.0,0,0.0788424079398943,64686.0,0.0555645175745192,55791.0
2025-07-27 03:00:00,0.0269444444444444,7758,7742,12,99.9483604441002,3.0,3.0,100.0,7426,16,0.21545919741449,3.0,0,0.0,0,0,0,0,100.0,0,0.352378555247923,3973.0,,1565.0
2025-07-27 04:00:00,0.0422222222222222,7822,7814,4,99.9488360194423,5.0,5.0,100.0,7414,10,0.134879956838414,4.0,0,0.0,1,1,1,1,100.0,1,2.67916945746819,4479.0,,1304.0
2025-07-27 05:00:00,0.0,8496,8486,5,99.9411141208338,,,100.0,8057,22,0.273054486781681,,0,0.0,0,0,0,0,100.0,0,,,,
2025-07-27 06:00:00,0.0280555555555556,9624,9601,10,99.8647805283961,6.0,6.0,100.0,8865,19,0.214326001128032,6.0,0,0.0,0,0,0,0,100.0,0,0.386100386100386,3626.0,,1653.0
2025-07-27 07:00:00,0.175833333333333,10476,10461,9,99.9426769848094,25.0,25.0,100.0,9568,51,0.533026755852843,25.0,0,0.0,1,1,1,0,0.0,1,0.982943047123446,24213.0,0.418871252204586,9072.0
2025-07-27 08:00:00,0.102222222222222,11331,11307,9,99.8675145733969,17.0,17.0,100.0,10110,49,0.484668644906034,15.0,0,0.0,1,1,1,1,100.0,1,1.63296504759919,14391.0,0.348432055749129,9471.0
2025-07-27 09:00:00,0.182222222222222,10966,10938,11,99.8448197170242,21.0,21.0,100.0,10029,52,0.518496360554392,21.0,0,0.0,1,1,1,1,100.0,1,0.406399882839673,27313.0,0.0466977985323549,14990.0
2025-07-27 10:00:00,0.146111111111111,11374,11339,24,99.9030837004405,22.0,22.0,100.0,10413,42,0.403341976375684,22.0,0,0.0,1,1,1,0,0.0,1,0.536925395629239,21232.0,0.0824896887889014,13335.0
2025-07-27 11:00:00,0.175277777777778,12057,12032,18,99.9418556358502,36.0,36.0,100.0,10865,40,0.368154624942476,36.0,0,0.0,2,2,2,0,0.0,2,0.478599221789883,25700.0,,11901.0
2025-07-27 12:00:00,0.148055555555556,11602,11588,9,99.956870525317,25.0,25.0,100.0,10392,37,0.356043110084681,24.0,0,0.0,1,1,1,0,0.0,1,0.36222641701954,19601.0,0.0781317822727667,11519.0
2025-07-27 13:00:00,0.242222222222222,11291,11257,21,99.8846495119787,29.0,29.0,100.0,10032,69,0.687799043062201,28.0,0,0.0,2,0,0,0,,2,0.227557173739902,26367.0,0.0443816824692354,24785.0
2025-07-27 14:00:00,0.186666666666667,11339,11321,10,99.929384764763,30.0,30.0,100.0,10179,65,0.638569604086846,30.0,1,3.33333333333333,1,1,1,1,100.0,1,0.315547905909352,24402.0,0.0476900149031297,16775.0
2025-07-27 15:00:00,0.0969444444444444,12036,12008,15,99.8918559188088,30.0,30.0,100.0,10918,64,0.58618794651035,29.0,0,0.0,2,2,2,1,50.0,2,0.166500166500167,15015.0,0.0314070351758794,9552.0
2025-07-27 16:00:00,0.187777777777778,12879,12841,22,99.8755541728241,37.0,37.0,100.0,11504,153,1.32997218358832,36.0,0,0.0,3,3,3,1,33.3333333333333,3,1.39269975887586,24054.0,0.304578042266061,21341.0
2025-07-27 17:00:00,0.0891666666666667,13171,13136,22,99.9011331660202,28.0,28.0,100.0,11699,86,0.735105564578169,26.0,0,0.0,17,4,4,2,11.7647058823529,17,0.886524822695036,11280.0,0.103218541803509,10657.0
2025-07-27 18:00:00,0.436388888888889,12452,12418,19,99.8793533338696,51.0,51.0,100.0,11109,80,0.720136825996939,47.0,0,0.0,6,6,6,3,50.0,6,0.405597982972193,54734.0,0.0369131387703311,43345.0
2025-07-27 19:00:00,1.3375,12296,12265,19,99.9022562515273,42.0,42.0,100.0,10953,65,0.593444718342007,38.0,0,0.0,224,7,7,3,1.33928571428571,224,0.221033119994404,142965.0,0.105307194068176,207963.0
2025-07-27 20:00:00,1.35555555555556,13363,13336,13,99.8951310861423,44.0,44.0,100.0,11714,52,0.443913266177224,42.0,0,0.0,89,5,5,3,3.37078651685393,89,0.128022059185583,121854.0,0.0881676808654496,184875.0
2025-07-27 21:00:00,0.235277777777778,12831,12793,22,99.8750878288703,21.0,21.0,100.0,11076,64,0.577825929938606,21.0,0,0.0,1,1,1,0,0.0,1,0.125979292153852,25401.0,0.0181943888504785,27481.0
2025-07-27 22:00:00,0.318333333333333,11256,11226,12,99.8399146211313,19.0,19.0,100.0,9933,47,0.473170240612101,17.0,0,0.0,3,3,3,2,66.6666666666667,3,0.28230700226901,37902.0,0.174515310991738,36673.0
2025-07-27 23:00:00,0.0105555555555556,10158,10134,11,99.8718833152656,8.0,8.0,100.0,9278,38,0.409571028238845,8.0,0,0.0,1,1,1,0,0.0,1,0.140056022408964,1428.0,,520.0
2025-07-28 00:00:00,0.0133333333333333,9425,9410,6,99.90444845525,3.0,3.0,100.0,8686,43,0.495049504950495,3.0,0,0.0,0,0,0,0,100.0,0,0.0679347826086957,1472.0,,911.0
2025-07-28 01:00:00,0.000555555555555556,9364,9349,3,99.8718085674608,1.0,1.0,100.0,8806,38,0.431523960935726,,0,0.0,0,0,0,0,100.0,0,,,,
2025-07-28 02:00:00,0.00527777777777778,9367,9346,14,99.9251577034107,2.0,2.0,100.0,8694,14,0.161030595813205,3.0,0,0.0,0,0,0,0,100.0,0,0.115874855156431,863.0,,148.0
2025-07-28 03:00:00,0.0341666666666667,8868,8855,3,99.8871968415116,6.0,5.0,100.0,8163,25,0.306259953448487,5.0,0,0.0,0,0,0,0,100.0,0,1.34498991257566,4461.0,,1332.0
2025-07-28 04:00:00,0.00138888888888889,7948,7927,4,99.7860020140987,1.0,1.0,100.0,7578,11,0.145157033518079,1.0,0,0.0,0,0,0,0,100.0,0,,136.0,,33.0
2025-07-28 05:00:00,0.723055555555556,8397,8385,8,99.9523185123376,3.0,3.0,100.0,7915,13,0.16424510423247,2.0,0,0.0,405,0,0,0,,405,0.117739403453689,56056.0,0.049417238179035,82967.0
2025-07-28 06:00:00,0.828888888888889,9535,9514,10,99.8845144356955,20.0,20.0,100.0,8820,28,0.317460317460317,20.0,0,0.0,303,1,1,0,0.0,303,0.125819233441626,53251.0,0.178362539233968,86341.0
2025-07-28 07:00:00,0.656111111111111,11723,11707,9,99.9402424449377,17.0,17.0,100.0,10683,50,0.468033323972667,17.0,0,0.0,3,1,1,1,33.3333333333333,3,0.372037070040991,44888.0,0.0058495780991796,68381.0
2025-07-28 08:00:00,0.281666666666667,12705,12672,12,99.8345544788466,42.0,42.0,100.0,11630,79,0.679277730008599,40.0,0,0.0,3,3,3,2,66.6666666666667,3,0.283385579937304,39875.0,0.0384829178603498,23387.0
2025-07-28 09:00:00,0.461666666666667,12644,12614,11,99.8496002533049,64.0,64.0,100.0,11374,72,0.633022683312819,59.0,0,0.0,4,4,4,3,75.0,4,0.219362639260731,57895.0,0.21217026116628,45718.0
2025-07-28 10:00:00,0.511388888888889,12253,12209,18,99.7874948917041,49.0,49.0,100.0,10958,98,0.894323781711991,48.0,0,0.0,6,6,6,3,50.0,6,0.250492296999884,69064.0,0.0569216757741348,43920.0
2025-07-28 11:00:00,0.655555555555556,12542,12500,13,99.7685369941735,62.0,62.0,100.0,11183,89,0.795850845032639,60.0,0,0.0,3,3,3,1,33.3333333333333,3,0.347470490096464,79719.0,0.168659067741637,53955.0
2025-07-28 12:00:00,0.318333333333333,11729,11693,12,99.7951694119655,45.0,45.0,100.0,10458,73,0.698030216102505,43.0,0,0.0,4,4,4,3,75.0,4,0.99710729312763,45632.0,0.231847998190455,35368.0
2025-07-28 13:00:00,0.117222222222222,11838,11800,15,99.8054639262455,37.0,37.0,100.0,10423,98,0.940228341168569,34.0,0,0.0,57,1,1,1,1.75438596491228,57,0.379266750948167,15820.0,0.0201795984259913,9911.0
2025-07-28 14:00:00,0.765833333333333,11019,10976,9,99.6911898274296,63.0,63.0,100.0,10038,109,1.08587368001594,62.0,0,0.0,6,3,3,2,33.3333333333333,6,0.297266197084873,114712.0,0.24889963860335,71113.0
2025-07-28 15:00:00,0.724722222222222,12556,12500,13,99.657179303197,76.0,75.0,98.6842105263158,11257,113,1.00381984542951,67.0,0,0.0,39,6,6,4,10.2564102564103,39,0.40675685319034,98093.0,0.118323191345504,65076.0
2025-07-28 16:00:00,1.46611111111111,14442,14379,21,99.7087580611608,83.0,83.0,100.0,13063,140,1.07172931179668,78.0,2,2.56410256410256,1216,12,12,9,0.740131578947368,1216,0.317349371783526,177407.0,0.0913405214352376,151083.0
2025-07-28 17:00:00,0.456944444444444,15246,15196,33,99.8882534674292,49.0,49.0,100.0,13787,96,0.696308116341481,46.0,0,0.0,5,5,5,3,60.0,5,0.231202642315912,51470.0,0.0814641829142454,55239.0
2025-07-28 18:00:00,0.441111111111111,15503,15463,21,99.8772768376179,54.0,54.0,100.0,14032,108,0.769669327251995,51.0,1,1.96078431372549,3,1,1,1,33.3333333333333,3,1.0448162332863,59532.0,0.134974845596957,48898.0
2025-07-28 19:00:00,0.541944444444445,14010,13968,22,99.857020303117,45.0,45.0,100.0,12183,105,0.861856685545432,43.0,0,0.0,31,4,4,3,9.67741935483871,31,0.322273804960461,70437.0,0.229120069827069,36662.0
2025-07-28 20:00:00,0.9175,13884,13843,25,99.8845515549462,37.0,37.0,100.0,12161,76,0.624948606200148,34.0,0,0.0,46,1,1,1,2.17391304347826,46,0.146828572422671,143705.0,0.0776365224383414,72131.0
2025-07-28 21:00:00,0.266388888888889,13151,13125,10,99.8782436648657,53.0,53.0,100.0,11745,74,0.630055342699021,50.0,0,0.0,16,16,16,5,31.25,16,0.361060963755034,36005.0,0.0314898641999606,25405.0
2025-07-28 22:00:00,0.385833333333333,11687,11667,6,99.8801472476672,41.0,41.0,100.0,10722,54,0.503637381085618,40.0,1,2.5,60,1,1,1,1.66666666666667,60,0.277373512541734,58405.0,0.0436782199840703,38921.0
2025-07-28 23:00:00,0.199166666666667,10346,10332,5,99.9129677980853,34.0,34.0,100.0,9455,22,0.232681121099947,34.0,0,0.0,4,0,0,0,,4,0.180288461538462,26624.0,0.00505305709954523,19790.0
2025-07-29 00:00:00,0.0727777777777778,9443,9424,8,99.8834128245893,24.0,24.0,100.0,8648,43,0.497224791859389,24.0,0,0.0,5,0,0,0,,5,1.0128661374213,7306.0,0.0429000429000429,4662.0
2025-07-29 01:00:00,0.0161111111111111,8512,8499,2,99.8707403055229,3.0,3.0,100.0,7906,29,0.36681001770807,3.0,0,0.0,16,0,0,0,,16,0.526085050416484,2281.0,,891.0
2025-07-29 02:00:00,0.276111111111111,8535,8529,4,99.9765560895557,7.0,7.0,100.0,7701,20,0.25970653161927,6.0,0,0.0,0,0,0,0,100.0,0,0.0816956383606409,22033.0,0.00395726157499011,25270.0
2025-07-29 03:00:00,0.183055555555556,8510,8499,11,100.0,2.0,2.0,100.0,7679,14,0.182315405651778,3.0,0,0.0,0,0,0,0,100.0,0,0.11374211560335,9671.0,0.455788514129444,18649.0
2025-07-29 04:00:00,0.0230555555555556,8778,8765,11,99.9771871791947,2.0,2.0,100.0,7855,14,0.178230426479949,2.0,0,0.0,0,0,0,0,100.0,0,0.385887541345094,1814.0,,2674.0
2025-07-29 05:00:00,0.0230555555555556,9522,9511,8,99.9684675215472,5.0,5.0,100.0,8532,19,0.222691045475856,2.0,0,0.0,6,6,6,3,50.0,6,1.76415970287837,3231.0,1.48760330578512,1210.0
2025-07-29 06:00:00,0.00972222222222222,11099,11087,9,99.9729486023445,5.0,5.0,100.0,10095,31,0.307082714214958,4.0,0,0.0,0,0,0,0,100.0,0,0.52128583840139,1151.0,,1198.0
2025-07-29 07:00:00,0.0419444444444444,12594,12554,24,99.8727128082737,18.0,18.0,100.0,11396,49,0.42997542997543,19.0,0,0.0,1,1,1,0,0.0,1,0.489499447339334,6333.0,0.0282406099971759,3541.0
2025-07-29 08:00:00,0.384444444444444,13605,13566,18,99.8454404945904,31.0,31.0,100.0,12066,100,0.828775070445881,29.0,0,0.0,3,3,3,1,33.3333333333333,3,0.1232390625332,47063.0,0.0293190647218354,40929.0
2025-07-29 09:00:00,0.940555555555556,13481,13446,20,99.8885669712503,83.0,83.0,100.0,11958,131,1.09550091988627,77.0,0,0.0,7,5,5,4,57.1428571428571,7,0.481140136212432,120547.0,0.364054416554896,78285.0
2025-07-29 10:00:00,0.475,12946,12895,23,99.7833320436431,63.0,63.0,100.0,11494,97,0.843918566208457,63.0,3,4.76190476190476,197,6,6,3,1.52284263959391,197,0.448177563682373,65599.0,0.163422968355371,40386.0
2025-07-29 11:00:00,0.565,13004,12937,22,99.6533661993529,65.0,65.0,100.0,11661,111,0.951890918446102,62.0,0,0.0,4,4,4,2,50.0,4,0.434251979678143,70466.0,0.101773456616357,46181.0
2025-07-29 12:00:00,0.655555555555556,11535,11507,13,99.8698142683562,54.0,54.0,100.0,10225,77,0.753056234718826,52.0,0,0.0,12,4,4,3,25.0,12,0.290108353722475,85830.0,0.0452572118205133,59659.0
2025-07-29 13:00:00,0.504722222222222,12222,12184,15,99.8115835176538,53.0,52.0,100.0,10720,96,0.895522388059702,50.0,1,2.0,15,2,2,0,0.0,15,0.705673758865248,56400.0,0.580185561458053,40849.0
2025-07-29 14:00:00,0.576388888888889,13410,13370,13,99.7984623423154,59.0,59.0,100.0,11924,103,0.86380409258638,58.0,0,0.0,7,4,4,3,42.8571428571429,7,0.279826412767673,84338.0,0.0755274044320854,58257.0
2025-07-29 15:00:00,0.587222222222222,13651,13612,20,99.8606118406573,97.0,91.0,100.0,12389,127,1.02510291387521,90.0,1,1.11111111111111,22,2,2,1,4.54545454545455,22,0.32198194651444,71122.0,0.317332618217574,67122.0
2025-07-29 16:00:00,0.983888888888889,14681,14636,23,99.8499113112294,88.0,88.0,100.0,13076,116,0.887121443866626,79.0,3,3.79746835443038,76,6,6,6,7.89473684210526,76,0.469756495485274,106651.0,0.321259998187764,121397.0
2025-07-29 17:00:00,0.982222222222222,14685,14642,22,99.8567823774125,79.0,79.0,100.0,12954,122,0.941794040450826,78.0,3,3.84615384615385,4,4,4,3,75.0,4,0.280120218260337,137084.0,0.415876877811413,106041.0
2025-07-29 18:00:00,0.625277777777778,14532,14486,24,99.8483595257789,80.0,77.0,100.0,12667,116,0.915765374595405,74.0,1,1.35135135135135,32,8,8,4,12.5,32,2.73169595486426,77278.0,0.404713936779048,56089.0
2025-07-29 19:00:00,0.204722222222222,13109,13015,28,99.4954514180873,47.0,47.0,100.0,11601,172,1.48263080768899,44.0,0,0.0,4,2,2,2,50.0,4,0.467045284710806,26764.0,0.108275328692962,19395.0
2025-07-29 20:00:00,0.263888888888889,11767,11692,21,99.5402690277541,46.0,45.0,97.8260869565217,10293,138,1.34071699213057,45.0,1,2.22222222222222,4,1,1,0,0.0,4,1.2849965918558,39611.0,3.04065099720275,27527.0
2025-07-29 21:00:00,0.437777777777778,11256,11199,24,99.7061965811966,50.0,50.0,100.0,10224,145,1.41823161189358,51.0,4,7.84313725490196,44,1,1,0,0.0,44,6.47442686801736,58538.0,7.44636792843535,48292.0
2025-07-29 22:00:00,0.161666666666667,11307,11271,10,99.7698504027618,29.0,29.0,100.0,10226,136,1.32994328183063,29.0,2,6.89655172413793,16,3,3,0,0.0,16,0.529492143019813,17564.0,0.105839870501806,16062.0
2025-07-29 23:00:00,0.0375,9572,9550,8,99.853617733166,15.0,15.0,100.0,8540,67,0.784543325526932,15.0,0,0.0,0,0,0,0,100.0,0,0.0648193161562146,6171.0,,3328.0
2025-07-30 00:00:00,0.0847222222222222,8143,8110,10,99.7172015246527,5.0,5.0,100.0,7451,21,0.281841363575359,5.0,0,0.0,0,0,0,0,100.0,0,0.179431485503825,10589.0,0.0988002822865208,7085.0
2025-07-30 01:00:00,0.0419444444444444,8125,8112,3,99.8768776163507,5.0,5.0,100.0,7307,19,0.260024633912687,5.0,0,0.0,0,0,0,0,100.0,0,2.6581343834605,4063.0,0.571559213534522,4374.0
2025-07-30 02:00:00,0.0858333333333333,8156,8143,4,99.8895976447498,7.0,7.0,100.0,7235,23,0.317899101589496,7.0,0,0.0,7,0,0,0,,7,0.125987859351735,8731.0,,8856.0
2025-07-30 03:00:00,0.425555555555556,7599,7591,4,99.9473337722186,2.0,2.0,100.0,6865,15,0.21849963583394,1.0,0,0.0,0,0,0,0,100.0,0,0.00626605677047434,15959.0,,54904.0
2025-07-30 04:00:00,0.553888888888889,8217,8199,4,99.8295385364666,6.0,6.0,100.0,7402,13,0.175628208592272,7.0,0,0.0,5,0,0,0,,5,0.0338473110191801,26590.0,0.0323637687608722,74157.0
2025-07-30 05:00:00,0.0119444444444444,8207,8196,1,99.878137947843,2.0,2.0,100.0,7575,38,0.501650165016502,2.0,0,0.0,0,0,0,0,100.0,0,0.895355344152211,1787.0,0.121065375302663,826.0
2025-07-30 06:00:00,0.035,9818,9795,7,99.8369177453878,7.0,7.0,100.0,8776,41,0.46718322698268,7.0,0,0.0,1,1,1,0,0.0,1,0.424197713021025,5422.0,,3001.0
2025-07-30 07:00:00,0.1375,12398,12368,15,99.8788661875151,23.0,23.0,100.0,11039,84,0.760938490805327,22.0,0,0.0,3,3,3,1,33.3333333333333,3,2.1213478114855,17866.0,0.957253672223139,12118.0
2025-07-30 08:00:00,0.2575,12973,12943,11,99.8534176824564,42.0,42.0,100.0,11748,129,1.09805924412666,40.0,0,0.0,1,1,1,1,100.0,1,0.171086398631309,29225.0,0.109000964239299,23853.0
2025-07-30 09:00:00,0.913333333333333,13096,13058,10,99.7860308726884,98.0,98.0,100.0,11666,88,0.754328818789645,98.0,0,0.0,6,2,2,2,33.3333333333333,6,0.251372511368496,114571.0,0.0396667988893296,85714.0
2025-07-30 10:00:00,1.1975,13271,13222,29,99.8489654130796,46.0,46.0,100.0,11886,107,0.900218744741713,39.0,0,0.0,11,11,11,6,54.5454545454545,11,0.145332269463126,140368.0,0.0870277023824911,116055.0
2025-07-30 11:00:00,0.561666666666667,13601,13578,7,99.8823010151537,68.0,67.0,100.0,12344,92,0.745301360985094,63.0,0,0.0,5,4,4,4,80.0,5,0.304882198418424,73471.0,0.0524394425283879,49581.0
2025-07-30 12:00:00,0.249444444444444,13576,13540,21,99.889339727038,69.0,68.0,100.0,12228,94,0.768727510631338,68.0,0,0.0,3,3,3,1,33.3333333333333,3,1.44196951934349,34120.0,9.05205573125908,23398.0
2025-07-30 13:00:00,0.213333333333333,12668,12641,10,99.8656975825565,26.0,26.0,100.0,11412,90,0.788643533123028,25.0,0,0.0,1,0,0,0,,1,0.161977045538689,21608.0,0.0239371888165454,20888.0
2025-07-30 14:00:00,0.515,13684,13643,16,99.8170910155107,68.0,68.0,100.0,12337,124,1.00510658993272,65.0,0,0.0,8,4,4,1,12.5,8,0.357200844292905,67749.0,0.198234392345509,37834.0
2025-07-30 15:00:00,0.548333333333333,14634,14580,25,99.8014922308166,69.0,69.0,100.0,13206,111,0.840527033166742,68.0,1,1.47058823529412,38,1,1,0,0.0,38,0.202583675866119,68120.0,0.0427076660260517,51513.0
2025-07-30 16:00:00,0.6525,14853,14820,13,99.8652291105121,84.0,84.0,100.0,13760,95,0.690406976744186,84.0,0,0.0,15,3,3,2,13.3333333333333,15,0.302180798776714,82401.0,0.0446972775294596,49220.0
2025-07-30 17:00:00,0.284166666666667,15040,15003,7,99.8004390341249,43.0,43.0,100.0,13884,117,0.842696629213483,43.0,0,0.0,2,2,2,1,50.0,2,0.391604384058836,41879.0,0.372858700622604,28429.0
2025-07-30 18:00:00,0.226388888888889,13817,13783,14,99.8551039629066,55.0,55.0,100.0,12329,121,0.981425906399546,51.0,0,0.0,5,5,5,4,80.0,5,1.10007333822255,29998.0,0.494516255385821,20424.0
2025-07-30 19:00:00,0.272222222222222,13440,13413,17,99.9255010057364,62.0,62.0,100.0,12143,76,0.625874989706004,59.0,0,0.0,6,6,6,2,33.3333333333333,6,0.555743624464004,35448.0,0.224284269317032,22739.0
2025-07-30 20:00:00,0.789166666666667,12583,12544,15,99.8090388287715,63.0,63.0,100.0,11208,103,0.918986438258387,61.0,0,0.0,141,4,4,2,1.41843971631206,141,0.712267864585745,107965.0,0.209963733536935,83824.0
2025-07-30 21:00:00,0.428333333333333,11714,11693,7,99.8804134278637,50.0,50.0,100.0,10627,91,0.85630940058342,48.0,0,0.0,30,3,3,2,6.66666666666667,30,0.174446265264048,56751.0,0.0335092569322275,23874.0
2025-07-30 22:00:00,0.512222222222222,10211,10200,4,99.9314196139904,52.0,52.0,100.0,9330,65,0.696677384780279,47.0,2,4.25531914893617,168,4,4,4,2.38095238095238,168,0.269432406550778,61611.0,0.0848022290871646,49527.0
2025-07-30 23:00:00,0.0855555555555556,9158,9141,7,99.8907223254289,22.0,22.0,100.0,8419,44,0.522627390426417,21.0,0,0.0,3,3,3,2,66.6666666666667,3,0.492276353759973,11782.0,0.262255396409118,4957.0
2025-07-31 00:00:00,0.0488888888888889,8413,8401,5,99.9167459562322,11.0,11.0,100.0,7804,43,0.550999487442337,10.0,0,0.0,0,0,0,0,100.0,0,0.210321954376315,6181.0,,2385.0
2025-07-31 01:00:00,0.498333333333333,8166,8157,2,99.9142577168055,22.0,22.0,100.0,7509,26,0.346251165268345,18.0,0,0.0,71,4,4,4,5.63380281690141,71,0.0777134962438477,57905.0,0.0473179334967953,46494.0
2025-07-31 02:00:00,0.841111111111111,7877,7863,5,99.8856707317073,18.0,18.0,100.0,7394,31,0.419258858533946,18.0,0,0.0,6,1,1,1,16.6666666666667,6,0.0498275201226524,130450.0,0.029982198069896,53365.0
2025-07-31 03:00:00,0.00305555555555556,7713,7708,4,99.9870281489169,3.0,3.0,100.0,7295,17,0.233036326250857,3.0,0,0.0,1,0,0,0,,1,3.28719723183391,578.0,,358.0
2025-07-31 04:00:00,0.0163888888888889,7532,7523,2,99.9070385126162,9.0,9.0,100.0,7201,14,0.194417442021941,5.0,0,0.0,3,3,3,3,100.0,3,0.493421052631579,1216.0,,893.0
2025-07-31 05:00:00,0.19,8464,8453,4,99.9172576832151,20.0,20.0,100.0,7854,20,0.254647313470843,17.0,0,0.0,6,3,3,3,50.0,6,0.0690204406689674,18835.0,0.0152380952380952,13125.0
2025-07-31 06:00:00,0.383055555555556,9856,9840,10,99.9390615478367,12.0,12.0,100.0,8964,38,0.423917893797412,12.0,0,0.0,1,1,1,0,0.0,1,0.0397555036525369,20123.0,0.0101309424309196,39483.0
2025-07-31 07:00:00,0.0916666666666667,11801,11781,8,99.8982447214449,19.0,19.0,100.0,10697,71,0.663737496494344,15.0,0,0.0,5,5,5,4,80.0,5,0.707998469192499,10452.0,0.0574844791906185,8698.0
2025-07-31 08:00:00,0.1225,12970,12938,11,99.8379504591404,32.0,32.0,100.0,11830,69,0.583262890955199,29.0,1,3.44827586206897,6,6,6,3,50.0,6,0.591044776119403,16750.0,0.15826958586125,7582.0
2025-07-31 09:00:00,0.763055555555556,11817,11781,15,99.8220640569395,76.0,76.0,100.0,10769,58,0.538582969635064,73.0,0,0.0,5,5,5,3,60.0,5,0.193299604524789,101397.0,0.0592189026737335,67546.0
2025-07-31 10:00:00,0.41,12445,12404,23,99.8550957977781,56.0,56.0,100.0,11480,87,0.757839721254355,56.0,0,0.0,1,0,0,0,,1,0.560983415221852,53121.0,1.00293542074364,24528.0
2025-07-31 11:00:00,0.578055555555556,12803,12766,14,99.8201579482368,73.0,71.0,97.2602739726028,11722,86,0.733663197406586,70.0,1,1.42857142857143,21,5,5,1,4.76190476190476,21,0.406443984629028,54128.0,0.182355949918829,44967.0
2025-07-31 12:00:00,0.263333333333333,12589,12549,15,99.8011770319707,37.0,37.0,100.0,11388,84,0.737618545837724,37.0,0,0.0,0,0,0,0,100.0,0,0.990338895787274,33019.0,0.104874151018777,20024.0
2025-07-31 13:00:00,0.311666666666667,12075,12046,10,99.8425196850394,38.0,38.0,100.0,10929,77,0.704547534083631,38.0,2,5.26315789473684,310,0,0,0,,310,1.99181367462239,34692.0,0.43291496073562,29798.0
2025-07-31 14:00:00,0.485277777777778,13346,13314,15,99.8724776835946,55.0,55.0,100.0,12022,72,0.59890201297621,53.0,0,0.0,10,2,2,1,10.0,10,0.233038968320718,57072.0,0.185461522063526,46910.0
2025-07-31 15:00:00,0.775833333333333,12996,12968,13,99.8844642994685,74.0,74.0,100.0,11736,87,0.741308793456033,76.0,0,0.0,2,2,2,0,0.0,2,0.248510145487008,82894.0,0.0936458190263332,80089.0
2025-07-31 16:00:00,1.07638888888889,14441,14395,21,99.8266296809986,102.0,102.0,100.0,12835,75,0.584339696143358,100.0,0,0.0,7,3,3,1,14.2857142857143,7,1.06911156892603,156298.0,1.00172997834937,96533.0
2025-07-31 17:00:00,1.00027777777778,14974,14945,11,99.8797032680612,78.0,78.0,100.0,13486,109,0.808245588017203,78.0,1,1.28205128205128,16,2,2,0,0.0,16,0.83584924253962,111623.0,0.18473053178557,83906.0
2025-07-31 18:00:00,0.732777777777778,14197,14143,16,99.7320358225795,62.0,62.0,100.0,12406,126,1.01563759471224,61.0,1,1.63934426229508,4,4,4,2,50.0,4,0.250511608213958,85026.0,0.0843948624627476,75834.0
2025-07-31 19:00:00,0.512222222222222,12599,12546,30,99.8170101042247,85.0,84.0,98.8235294117647,10931,125,1.14353673039978,81.0,0,0.0,5,3,3,3,60.0,5,0.642064778614793,62922.0,0.203948924095531,33832.0
2025-07-31 20:00:00,0.340555555555556,12856,12816,20,99.8441882206295,71.0,71.0,100.0,11338,85,0.749691303580878,71.0,0,0.0,12,1,1,0,0.0,12,0.619073569482289,45875.0,0.259081948746832,35510.0
2025-07-31 21:00:00,0.445,12467,12440,18,99.9277050365491,44.0,44.0,100.0,11173,80,0.716011814194934,42.0,0,0.0,4,2,2,2,50.0,4,0.597938937168346,52012.0,0.13709647936241,54706.0
2025-07-31 22:00:00,0.118333333333333,11993,11970,10,99.891512976717,33.0,33.0,100.0,10746,50,0.465289410013028,32.0,0,0.0,4,4,4,1,25.0,4,1.81684520058811,9522.0,0.201417982597486,12412.0
2025-07-31 23:00:00,0.1075,10704,10685,9,99.9064983637214,27.0,27.0,100.0,9803,23,0.23462205447312,26.0,0,0.0,20,0,0,0,,20,1.22924304507225,9274.0,0.30123317330321,10623.0
2025-08-01 00:00:00,0.661111111111111,9405,9386,12,99.9254764186096,29.0,29.0,100.0,8348,29,0.347388596070915,28.0,0,0.0,0,0,0,0,100.0,0,0.0919415200134675,77223.0,0.0275642896520414,61674.0
2025-08-01 01:00:00,0.697777777777778,8045,8029,5,99.863184079602,48.0,48.0,100.0,7533,18,0.2389486260454,49.0,0,0.0,3,0,0,0,,3,0.102202737957559,74362.0,0.075869504452342,75129.0
2025-08-01 02:00:00,0.357222222222222,8174,8160,8,99.9265246142542,36.0,36.0,100.0,7176,19,0.264771460423634,36.0,0,0.0,0,0,0,0,100.0,0,0.359666024405909,31140.0,0.118327974276527,38875.0
2025-08-01 03:00:00,0.139166666666667,7860,7844,5,99.8599618077658,28.0,28.0,100.0,6878,24,0.348938644954929,27.0,0,0.0,0,0,0,0,100.0,0,0.307377049180328,13664.0,0.297427652733119,12440.0
2025-08-01 04:00:00,0.0922222222222222,7504,7494,3,99.9066791094521,17.0,17.0,100.0,6693,22,0.32870162856716,18.0,0,0.0,0,0,0,0,100.0,0,0.328947368421053,6384.0,0.116144018583043,12054.0
2025-08-01 05:00:00,0.102777777777778,8087,8066,8,99.8390889961629,18.0,18.0,100.0,7108,24,0.337647720877884,18.0,0,0.0,0,0,0,0,100.0,0,0.294039026998129,7482.0,0.505175983436853,12075.0
2025-08-01 06:00:00,0.428611111111111,8913,8893,6,99.842820253733,26.0,26.0,100.0,7792,40,0.513347022587269,25.0,0,0.0,1,0,0,0,,1,0.963200790318597,20245.0,0.105765093933744,55784.0
2025-08-01 07:00:00,0.324444444444444,11126,11106,8,99.8920669185105,43.0,43.0,100.0,9834,75,0.762660158633313,44.0,0,0.0,1,1,1,0,0.0,1,12.0924274285162,41373.0,0.114295762264814,34122.0
2025-08-01 08:00:00,0.187222222222222,12503,12477,11,99.8799231508165,29.0,29.0,100.0,11054,54,0.488510946263796,25.0,0,0.0,5,5,5,4,80.0,5,0.190234622701332,23655.0,0.0541471818853064,20315.0
2025-08-01 09:00:00,0.463333333333333,12249,12208,22,99.8446061993948,42.0,42.0,100.0,10858,54,0.497329158224351,41.0,0,0.0,3,3,3,1,33.3333333333333,3,0.220383862638357,60803.0,0.0154012012937009,38958.0
2025-08-01 10:00:00,0.428611111111111,12320,12294,19,99.9430940573937,66.0,66.0,100.0,10975,60,0.546697038724374,65.0,0,0.0,3,3,3,1,33.3333333333333,3,0.257482026416987,59810.0,0.505577147912914,31647.0
2025-08-01 11:00:00,0.324166666666667,12481,12444,19,99.8555609051517,47.0,47.0,100.0,10960,66,0.602189781021898,47.0,1,2.12765957446809,76,2,2,1,1.31578947368421,76,0.335389590944481,33394.0,0.0974724388276418,29752.0
2025-08-01 12:00:00,0.163333333333333,11810,11763,24,99.8048532156796,19.0,19.0,100.0,10448,51,0.488131699846861,18.0,0,0.0,2,2,2,1,50.0,2,0.56824052071495,19358.0,0.00682640453273261,14649.0
2025-08-01 13:00:00,0.1425,11795,11762,9,99.7963685728831,26.0,26.0,100.0,10298,74,0.718586133229753,26.0,0,0.0,0,0,0,0,100.0,0,1.05304874596614,17663.0,0.152954435678635,12422.0
2025-08-01 14:00:00,0.402777777777778,13064,13034,9,99.8391420911528,58.0,58.0,100.0,11393,86,0.754849468972176,58.0,0,0.0,4,1,1,0,0.0,4,0.256699679580542,54928.0,0.126177411309017,34079.0
2025-08-01 15:00:00,0.828333333333333,13530,13503,18,99.9333925399645,86.0,86.0,100.0,11556,69,0.597092419522326,79.0,0,0.0,27,3,3,3,11.1111111111111,27,0.491327573699136,121304.0,0.118430603486699,78527.0
2025-08-01 16:00:00,0.838333333333333,13973,13942,12,99.8639065969486,69.0,68.0,98.5507246376812,12078,89,0.736876966385163,69.0,2,2.89855072463768,4,2,2,2,50.0,4,0.613805772423782,113228.0,0.237047771854459,96605.0
2025-08-01 17:00:00,0.327222222222222,14350,14322,15,99.9093128705964,56.0,55.0,98.2142857142857,12698,99,0.779650338636006,52.0,0,0.0,11,3,3,3,27.2727272727273,11,0.357491738199655,48113.0,0.16209790713591,27761.0
2025-08-01 18:00:00,0.458888888888889,13955,13927,16,99.9139106105172,55.0,55.0,100.0,12440,92,0.739549839228296,52.0,0,0.0,4,3,3,2,50.0,4,1.33052967407461,55166.0,0.14607425441266,49290.0
2025-08-01 19:00:00,0.506666666666667,13954,13926,17,99.9210734017364,61.0,61.0,100.0,12205,75,0.614502253174928,59.0,0,0.0,23,3,3,2,8.69565217391304,23,0.616128529090625,64110.0,0.147163940629862,47566.0
2025-08-01 20:00:00,0.4425,13261,13239,10,99.909440796921,36.0,36.0,100.0,12028,73,0.60691719321583,36.0,0,0.0,2,2,2,1,50.0,2,0.322049667215344,55892.0,0.045700990880575,48139.0
2025-08-01 21:00:00,0.241111111111111,12098,12075,12,99.9089856031772,44.0,44.0,100.0,11054,62,0.560882938302877,44.0,0,0.0,3,0,0,0,,3,0.401273885350319,31400.0,0.163319622550206,16532.0
2025-08-01 22:00:00,0.106388888888889,11549,11526,11,99.8959958398336,28.0,28.0,100.0,10411,75,0.720391893189895,28.0,0,0.0,0,0,0,0,100.0,0,0.701663201663202,11544.0,0.22898266274125,9171.0
2025-08-01 23:00:00,0.0908333333333333,10593,10580,7,99.9433213678443,20.0,20.0,100.0,9318,38,0.407812835372398,20.0,0,0.0,1,1,1,0,0.0,1,1.10089366662349,7721.0,0.116340560549974,9455.0
2025-08-02 00:00:00,0.0916666666666667,9248,9235,6,99.9242588184376,24.0,24.0,100.0,8739,30,0.343288705801579,24.0,0,0.0,0,0,0,0,100.0,0,1.17745004757374,8408.0,0.351006835396268,10826.0
2025-08-02 01:00:00,0.0797222222222222,8155,8146,3,99.9263984298332,16.0,16.0,100.0,7692,21,0.273010920436817,16.0,0,0.0,3,0,0,0,,3,0.82445894881484,5822.0,0.324149108589951,8021.0
2025-08-02 02:00:00,0.151666666666667,8176,8169,3,99.9510583629022,27.0,27.0,100.0,7846,13,0.165689523323987,27.0,0,0.0,0,0,0,0,100.0,0,0.324873096446701,14775.0,0.223955517800602,12949.0
2025-08-02 03:00:00,0.0577777777777778,8281,8278,3,100.0,14.0,14.0,100.0,8032,9,0.112051792828685,14.0,1,7.14285714285714,0,0,0,0,100.0,0,4.36736161035226,5564.0,0.468573275165616,6189.0
2025-08-02 04:00:00,0.0472222222222222,8257,8248,3,99.9273079718924,11.0,11.0,100.0,7963,26,0.326510109255306,11.0,1,9.09090909090909,0,0,0,0,100.0,0,13.345302214243,3342.0,0.264200792602378,6056.0
2025-08-02 05:00:00,0.0675,8292,8290,1,99.987938728742,11.0,11.0,100.0,7918,17,0.214700681990402,11.0,0,0.0,0,0,0,0,100.0,0,0.292718624222466,5466.0,0.439333247189559,7739.0
2025-08-02 06:00:00,0.0686111111111111,9837,9831,5,99.9898291293735,18.0,18.0,100.0,9192,48,0.522193211488251,18.0,0,0.0,0,0,0,0,100.0,0,0.804906094289,5218.0,0.198596584138753,7553.0
2025-08-02 07:00:00,0.245277777777778,11587,11571,4,99.8963998963999,39.0,39.0,100.0,10681,52,0.486845800954967,36.0,0,0.0,6,6,6,2,33.3333333333333,6,0.577490045895262,32901.0,0.129268075242935,22434.0
2025-08-02 08:00:00,0.303055555555556,12641,12622,7,99.9050182048441,45.0,45.0,100.0,11621,68,0.585147577661131,41.0,0,0.0,8,8,8,5,62.5,8,0.529819318027442,36805.0,0.125406591683975,25517.0
2025-08-02 09:00:00,0.399166666666667,12710,12685,15,99.9212288302481,47.0,47.0,100.0,11406,68,0.596177450464668,40.0,0,0.0,6,6,6,6,100.0,6,0.620105661508487,53378.0,0.649830819907231,44627.0
2025-08-02 10:00:00,0.194722222222222,12586,12564,9,99.8966367178182,40.0,40.0,100.0,11236,66,0.587397650409398,40.0,1,2.5,3,3,3,1,33.3333333333333,3,0.914294495025162,26031.0,0.287431408413901,15308.0
2025-08-02 11:00:00,0.173888888888889,12272,12238,19,99.8775810005713,33.0,33.0,100.0,10953,78,0.712133662010408,32.0,0,0.0,3,3,3,1,33.3333333333333,3,1.43725324934569,22543.0,0.348998134665142,16619.0
2025-08-02 12:00:00,0.189444444444444,11924,11901,17,99.949609473419,29.0,29.0,100.0,10751,75,0.697609524695377,29.0,0,0.0,1,1,1,0,0.0,1,0.444461772388787,25649.0,0.6373861810391,18670.0
2025-08-02 13:00:00,0.247222222222222,12053,12035,12,99.9501702516402,34.0,33.0,97.0588235294118,10925,49,0.448512585812357,31.0,0,0.0,3,3,3,1,33.3333333333333,3,0.554702167605393,23436.0,0.0624369626819077,20821.0
2025-08-02 14:00:00,0.225555555555556,12563,12544,13,99.9521912350598,22.0,22.0,100.0,11508,96,0.834202294056309,23.0,0,0.0,2,2,2,0,0.0,2,0.197817414526392,30331.0,0.0643210908857014,15547.0
2025-08-02 15:00:00,0.256111111111111,12628,12591,19,99.8572448251249,26.0,26.0,100.0,11304,117,1.03503184713376,23.0,1,4.34782608695652,17,1,1,1,5.88235294117647,17,0.42526800744219,33861.0,0.0873085165489325,25198.0
2025-08-02 16:00:00,0.575277777777778,12414,12315,21,99.3706124425079,42.0,42.0,100.0,11022,197,1.78733442206496,41.0,1,2.4390243902439,18,3,3,0,0.0,18,0.32251538196056,84027.0,0.393631771024239,62749.0
2025-08-02 17:00:00,0.389722222222222,12318,12252,19,99.6178551101716,60.0,60.0,100.0,10960,163,1.48722627737226,59.0,0,0.0,12,3,3,2,16.6666666666667,12,0.702665546475216,52372.0,0.239493379389752,43425.0
2025-08-02 18:00:00,0.461111111111111,12074,12004,20,99.585199933632,68.0,67.0,100.0,10771,195,1.81041686008727,68.0,2,2.94117647058824,5,1,1,0,0.0,5,1.82234432234432,54600.0,0.550970047651464,47008.0
2025-08-02 19:00:00,0.254444444444444,11746,11653,23,99.4028832210185,35.0,35.0,100.0,10432,193,1.85007668711656,34.0,1,2.94117647058824,0,0,0,0,100.0,0,0.250806162665711,36283.0,0.111915503794635,28593.0
2025-08-02 20:00:00,0.395833333333333,12048,11949,24,99.37624750499,39.0,39.0,100.0,10444,252,2.41286863270777,39.0,0,0.0,0,0,0,0,100.0,0,8.42216799383509,62288.0,1.75947867298578,33760.0
2025-08-02 21:00:00,0.466111111111111,11714,11629,18,99.4271545827633,37.0,37.0,100.0,10609,244,2.29993401828636,38.0,0,0.0,5,0,0,0,,5,0.467077253751085,72579.0,0.540354104391814,43490.0
2025-08-02 22:00:00,0.27,10616,10569,17,99.7169544296632,25.0,25.0,100.0,9470,122,1.2882787750792,22.0,0,0.0,26,2,2,2,7.69230769230769,26,0.254799566083907,39639.0,0.117218438143513,31565.0
2025-08-02 23:00:00,0.366111111111111,9801,9772,8,99.7855611150822,9.0,9.0,100.0,8794,55,0.625426427109393,10.0,0,0.0,0,0,0,0,100.0,0,0.140363505488573,55570.0,0.0849386742771719,29433.0
2025-08-03 00:00:00,0.0797222222222222,8281,8267,4,99.8791832789658,13.0,13.0,100.0,7529,28,0.371895338026298,12.0,0,0.0,1,1,1,1,100.0,1,0.248607796340493,10056.0,,6494.0
2025-08-03 01:00:00,0.0302777777777778,7481,7466,8,99.9063294526964,10.0,10.0,100.0,6797,13,0.191260850375166,10.0,0,0.0,1,1,1,0,0.0,1,0.212514757969303,4235.0,,1138.0
2025-08-03 02:00:00,0.00388888888888889,7034,7028,5,99.9857732252098,1.0,1.0,100.0,6371,12,0.188353476691257,1.0,0,0.0,0,0,0,0,100.0,0,,456.0,,502.0
2025-08-03 03:00:00,0.00527777777777778,6677,6666,8,99.9550157444894,2.0,2.0,100.0,5807,9,0.154985362493542,2.0,0,0.0,5,0,0,0,,5,0.242130750605327,826.0,,46.0
2025-08-03 04:00:00,0.0,6570,6559,6,99.9238269347959,,,100.0,5980,19,0.317725752508361,,0,0.0,0,0,0,0,100.0,0,,,,
2025-08-03 05:00:00,0.0522222222222222,6864,6855,4,99.9271137026239,5.0,5.0,100.0,6266,25,0.39897861474625,5.0,1,20.0,0,0,0,0,100.0,0,0.224215246636771,8028.0,,3314.0
2025-08-03 06:00:00,0.0113888888888889,7976,7962,8,99.9246987951807,7.0,7.0,100.0,7161,23,0.321184192151934,7.0,0,0.0,1,1,1,0,0.0,1,0.758097863542385,1451.0,,989.0
2025-08-03 07:00:00,0.0647222222222222,9338,9325,8,99.94640943194,11.0,11.0,100.0,8597,44,0.51180644410841,10.0,0,0.0,1,1,1,1,100.0,1,0.185035272348791,8647.0,,7257.0
2025-08-03 08:00:00,0.2125,10167,10143,11,99.8719968491532,29.0,29.0,100.0,9323,70,0.750831277485788,28.0,0,0.0,5,5,5,1,20.0,5,0.39273441335297,26481.0,0.093984962406015,19152.0
2025-08-03 09:00:00,0.723611111111111,10901,10871,20,99.9080966822902,35.0,35.0,100.0,9819,72,0.73327222731439,33.0,0,0.0,2,2,2,1,50.0,2,0.120639060971634,122680.0,0.0631621841890791,49080.0
2025-08-03 10:00:00,0.8725,11103,11070,13,99.819657348963,46.0,46.0,100.0,10100,84,0.831683168316832,43.0,0,0.0,7,7,7,4,57.1428571428571,7,0.210448782027674,95035.0,0.0909101928508225,82499.0
2025-08-03 11:00:00,0.149166666666667,10997,10981,8,99.9271999271999,42.0,42.0,100.0,10035,61,0.607872446437469,38.0,0,0.0,6,6,6,4,66.6666666666667,6,0.553009954179175,12658.0,0.145502645502646,7560.0
2025-08-03 12:00:00,0.179166666666667,11368,11343,14,99.9031178439317,38.0,38.0,100.0,10226,60,0.586739683160571,34.0,1,2.94117647058824,13,5,5,4,30.7692307692308,13,0.426609160376916,21331.0,2.81462108474998,16059.0
2025-08-03 13:00:00,0.221666666666667,10553,10531,9,99.8767071320182,21.0,21.0,100.0,9655,61,0.631796996374935,20.0,1,5.0,9,1,1,1,11.1111111111111,9,0.919639550672756,32404.0,1.32217573221757,17925.0
2025-08-03 14:00:00,0.136388888888889,11304,11277,10,99.849477598725,20.0,20.0,100.0,10313,99,0.959953456802094,19.0,1,5.26315789473684,2,2,2,1,50.0,2,0.680536651759673,15429.0,0.188890443542745,14294.0
2025-08-03 15:00:00,0.237777777777778,11485,11427,19,99.6598639455782,34.0,34.0,100.0,10451,140,1.33958472873409,32.0,2,6.25,2,2,2,2,100.0,2,4.74426423434922,32123.0,3.75163588774175,20631.0
2025-08-03 16:00:00,0.283888888888889,11414,11361,19,99.7016235190873,53.0,53.0,100.0,10118,176,1.73947420438822,51.0,0,0.0,11,4,4,2,18.1818181818182,11,1.20312615566677,40561.0,1.11370339393406,22717.0
2025-08-03 17:00:00,0.310277777777778,12296,12225,17,99.5602247740044,29.0,29.0,100.0,10972,188,1.7134524243529,30.0,1,3.33333333333333,0,0,0,0,100.0,0,2.25212968583209,47777.0,9.62852385600276,34834.0
2025-08-03 18:00:00,0.496944444444445,12801,12747,19,99.7261774370208,38.0,37.0,100.0,11373,168,1.47718280137167,35.0,0,0.0,2,2,2,0,0.0,2,0.177629172979468,57423.0,0.289264616011408,49090.0
2025-08-03 19:00:00,0.91,11972,11924,11,99.6906613159435,28.0,28.0,100.0,10497,145,1.38134705153853,28.0,0,0.0,1,1,1,1,100.0,1,0.157216925907342,89685.0,0.0138615233814196,100999.0
2025-08-03 20:00:00,0.338333333333333,11241,11194,14,99.7060657343903,55.0,55.0,100.0,9755,132,1.35315222962583,54.0,2,3.7037037037037,3,3,3,0,0.0,3,1.93279008687454,44547.0,1.52605415927973,28767.0
2025-08-03 21:00:00,0.190277777777778,11554,11502,10,99.6361746361746,30.0,30.0,100.0,10217,131,1.2821767642165,29.0,0,0.0,5,5,5,3,60.0,5,1.90325477952183,23381.0,2.78128191265694,16647.0
2025-08-03 22:00:00,0.141666666666667,10280,10238,13,99.7175416382585,31.0,31.0,100.0,9193,68,0.73969324486022,31.0,0,0.0,2,2,2,0,0.0,2,1.13908522694083,17119.0,1.52418820410868,6036.0
2025-08-03 23:00:00,0.136388888888889,8761,8749,4,99.9086445129611,10.0,10.0,100.0,8013,32,0.399351054536378,9.0,0,0.0,1,1,1,0,0.0,1,0.295242568610347,14903.0,0.0167954316425932,11908.0
2025-08-04 00:00:00,0.192777777777778,8549,8543,3,99.9648958577112,15.0,15.0,100.0,7939,22,0.277112986522232,16.0,0,0.0,0,0,0,0,100.0,0,0.142058473100541,21822.0,0.0451900807772694,17703.0
2025-08-04 01:00:00,0.0586111111111111,7759,7754,2,99.9613252546087,9.0,9.0,100.0,7304,23,0.314895947426068,9.0,0,0.0,0,0,0,0,100.0,0,0.0768245838668374,3905.0,,998.0
2025-08-04 02:00:00,0.00611111111111111,7164,7155,1,99.8883149518358,3.0,3.0,100.0,6796,17,0.250147145379635,3.0,0,0.0,0,0,0,0,100.0,0,0.899550224887556,667.0,,284.0
2025-08-04 03:00:00,0.00805555555555556,7360,7358,1,99.9864111971735,5.0,5.0,100.0,6994,15,0.214469545324564,5.0,0,0.0,0,0,0,0,100.0,0,0.312825860271116,959.0,,499.0
2025-08-04 04:00:00,0.00305555555555556,7361,7348,8,99.9320005439956,3.0,3.0,100.0,6856,15,0.218786464410735,3.0,0,0.0,0,0,0,0,100.0,0,0.26525198938992,377.0,,112.0
2025-08-04 05:00:00,0.0075,7587,7577,2,99.8945286750165,3.0,3.0,100.0,7202,26,0.36101083032491,3.0,0,0.0,1,1,1,0,0.0,1,0.666666666666667,600.0,,565.0
2025-08-04 06:00:00,0.06,9638,9621,6,99.8857973421927,14.0,14.0,100.0,8794,65,0.739140322947464,13.0,0,0.0,1,1,1,1,100.0,1,0.559815017646343,8217.0,0.0377928949357521,2646.0
2025-08-04 07:00:00,0.201944444444444,11453,11417,14,99.8076754961098,25.0,25.0,100.0,10468,75,0.716469239587314,25.0,0,0.0,1,1,1,0,0.0,1,0.490347357953571,29163.0,0.0333129754039198,18011.0
2025-08-04 08:00:00,0.111666666666667,11868,11843,11,99.8819262882685,28.0,28.0,100.0,10850,80,0.737327188940092,24.0,0,0.0,4,4,4,3,75.0,4,0.514959911348673,15341.0,0.129198966408269,8514.0
2025-08-04 09:00:00,0.905833333333333,11585,11562,15,99.9308556611927,73.0,73.0,100.0,10602,75,0.707413695529145,71.0,0,0.0,15,8,8,3,20.0,15,0.204089240117048,107306.0,0.0505686159931676,88988.0
2025-08-04 10:00:00,0.668055555555556,12309,12286,12,99.9105472879564,81.0,81.0,100.0,11135,50,0.449034575662326,80.0,0,0.0,0,0,0,0,100.0,0,0.291524387136232,98105.0,0.103305785123967,49368.0
2025-08-04 11:00:00,0.786944444444444,11625,11595,16,99.8794039107589,79.0,79.0,100.0,10263,86,0.83796160966579,73.0,0,0.0,15,15,15,6,40.0,15,0.157612079701121,102784.0,0.268859047106935,70669.0
2025-08-04 12:00:00,0.2275,12417,12391,10,99.8710405416297,30.0,30.0,100.0,10897,62,0.568963935027989,31.0,0,0.0,1,1,1,0,0.0,1,1.80566887793111,28189.0,0.298095746574124,22476.0
2025-08-04 13:00:00,0.0794444444444444,12894,12867,14,99.8990683229814,14.0,14.0,100.0,11180,95,0.849731663685152,14.0,0,0.0,0,0,0,0,100.0,0,1.05121520477672,11891.0,0.602772754671489,6636.0
2025-08-04 14:00:00,0.309444444444444,14038,14005,15,99.8716394494759,48.0,48.0,100.0,12687,72,0.567510049657129,46.0,0,0.0,3,3,3,2,66.6666666666667,3,0.320860775373332,41451.0,0.0305530094714329,26184.0
2025-08-04 15:00:00,0.792222222222222,14454,14425,13,99.8892043487293,75.0,75.0,100.0,12918,78,0.603808639108221,69.0,0,0.0,63,4,4,3,4.76190476190476,63,0.233244576547567,96894.0,0.127762703827613,75922.0
2025-08-04 16:00:00,0.654444444444445,15212,15175,15,99.8552345857735,80.0,80.0,100.0,13679,116,0.848015205789897,77.0,1,1.2987012987013,4,4,4,4,100.0,4,0.247786363529605,85154.0,0.378973963085129,56996.0
2025-08-04 17:00:00,0.935277777777778,15570,15527,16,99.8264112125498,74.0,74.0,100.0,14268,139,0.974208017942249,69.0,1,1.44927536231884,10,8,8,7,70.0,10,0.456393592527882,122482.0,0.0829368370509407,68727.0
2025-08-04 18:00:00,0.406111111111111,15174,15099,23,99.6567883308033,58.0,58.0,100.0,13562,178,1.31249078307034,54.0,0,0.0,6,6,6,4,66.6666666666667,6,0.720893663079217,48967.0,0.545159413187957,32651.0
2025-08-04 19:00:00,0.270277777777778,13146,13056,18,99.4515539305302,73.0,73.0,100.0,11916,207,1.73716012084592,72.0,0,0.0,2,1,1,1,50.0,2,3.36369424988234,36121.0,1.90255503384353,16399.0
2025-08-04 20:00:00,0.649166666666667,12940,12859,26,99.5741056218058,67.0,65.0,97.0149253731343,11477,184,1.60320641282565,63.0,1,1.58730158730159,5,3,3,2,40.0,5,0.410209078439667,78009.0,0.0645230669964512,55794.0
2025-08-04 21:00:00,0.157777777777778,12656,12603,20,99.7388414055081,57.0,57.0,100.0,11186,119,1.06382978723404,57.0,0,0.0,2,0,0,0,,2,0.624487478710654,15853.0,0.0403144527313042,9922.0
2025-08-04 22:00:00,0.138333333333333,11547,11516,8,99.8006759684548,30.0,30.0,100.0,10356,87,0.840092699884125,30.0,0,0.0,8,2,2,0,0.0,8,1.78560508775148,16353.0,0.5703693141309,7013.0
2025-08-04 23:00:00,0.1775,10355,10334,8,99.8743597177926,21.0,21.0,100.0,9477,58,0.612008019415427,20.0,0,0.0,0,0,0,0,100.0,0,0.169981302056774,17649.0,0.0249148741798854,12041.0
2025-08-05 00:00:00,0.115555555555556,10303,10293,3,99.9320388349515,23.0,23.0,100.0,9573,35,0.365611616003343,20.0,0,0.0,4,4,4,4,100.0,4,0.367130979375877,9261.0,,6512.0
2025-08-05 01:00:00,0.0463888888888889,9411,9402,5,99.9574739527961,16.0,16.0,100.0,8850,18,0.203389830508475,14.0,0,0.0,2,2,2,2,100.0,2,0.87173100871731,4015.0,0.199866755496336,1501.0
2025-08-05 02:00:00,0.0655555555555556,8756,8745,5,99.9314364072677,22.0,22.0,100.0,8304,16,0.192678227360308,22.0,0,0.0,0,0,0,0,100.0,0,0.0856898029134533,4668.0,0.0697350069735007,1434.0
2025-08-05 03:00:00,0.0236111111111111,8870,8860,6,99.9548736462094,6.0,6.0,100.0,8257,18,0.217996851156594,6.0,0,0.0,0,0,0,0,100.0,0,0.549954170485793,1091.0,,644.0
2025-08-05 04:00:00,0.0536111111111111,8974,8966,3,99.9442648534166,9.0,9.0,100.0,8392,13,0.154909437559581,9.0,0,0.0,0,0,0,0,100.0,0,0.17961383026493,2227.0,,1238.0
2025-08-05 05:00:00,0.0705555555555556,9436,9423,8,99.9469664828172,17.0,17.0,100.0,8721,16,0.183465198945075,16.0,0,0.0,1,1,1,1,100.0,1,0.236794171220401,5490.0,,2523.0
2025-08-05 06:00:00,0.109166666666667,11040,11027,5,99.9275033982782,27.0,27.0,100.0,10109,41,0.405579186863191,26.0,0,0.0,3,3,3,1,33.3333333333333,3,0.986705442459493,9628.0,0.102585145670907,4874.0
2025-08-05 07:00:00,0.228888888888889,12721,12700,10,99.9134607819998,45.0,45.0,100.0,11433,76,0.664742412315228,43.0,0,0.0,5,5,5,2,40.0,5,0.69364161849711,23355.0,0.108820893611573,15622.0
2025-08-05 08:00:00,0.286111111111111,13862,13827,18,99.8772031204854,49.0,49.0,100.0,12503,85,0.679836839158602,41.0,0,0.0,8,8,8,6,75.0,8,0.294193253548885,35011.0,0.151279907639635,25119.0
2025-08-05 09:00:00,0.903888888888889,12965,12938,8,99.8533611175426,84.0,84.0,100.0,11713,61,0.520788867070776,81.0,0,0.0,5,5,5,4,80.0,5,0.262099669682608,111408.0,0.0347584289190129,80556.0
2025-08-05 10:00:00,0.476388888888889,12613,12575,15,99.8174313383077,79.0,78.0,100.0,11434,63,0.550988280566731,74.0,0,0.0,9,9,9,4,44.4444444444444,9,0.393700787401575,58674.0,0.0618317660698184,38815.0
2025-08-05 11:00:00,0.692222222222222,12141,12103,6,99.7362999587969,70.0,70.0,100.0,10929,61,0.558148046481837,64.0,0,0.0,29,6,6,6,20.6896551724138,29,0.130683873376661,85703.0,0.0419807937868425,57169.0
2025-08-05 12:00:00,0.1525,12487,12457,7,99.8157051282051,29.0,29.0,100.0,11154,62,0.555854402008248,27.0,0,0.0,2,2,2,1,50.0,2,0.374458979720858,20563.0,0.0246528063111184,12169.0
2025-08-05 13:00:00,0.180277777777778,12364,12326,18,99.8380042118905,38.0,37.0,100.0,11189,80,0.714987934578604,36.0,0,0.0,2,2,2,2,100.0,2,1.2280363004441,25895.0,1.12381574648808,15305.0
2025-08-05 14:00:00,0.485833333333333,13203,13164,16,99.8255858042011,55.0,55.0,100.0,11699,77,0.658175912471151,51.0,0,0.0,25,5,5,2,8.0,25,0.147666863555818,57562.0,0.445942550875136,47764.0
2025-08-05 15:00:00,1.18083333333333,13533,13482,10,99.6968128373882,84.0,84.0,100.0,12274,150,1.222095486394,83.0,0,0.0,5,5,5,3,60.0,5,0.177613520156443,167217.0,0.242224682316652,105687.0
2025-08-05 16:00:00,0.611388888888889,14537,14458,20,99.5935799407591,94.0,91.0,100.0,13048,216,1.65542611894543,90.0,1,1.11111111111111,13,9,9,1,7.69230769230769,13,1.13376968963212,79293.0,1.43470402169001,53112.0
2025-08-05 17:00:00,0.319166666666667,14731,14653,17,99.5854288432785,80.0,76.0,98.7012987012987,13222,156,1.17985176221449,72.0,3,4.16666666666667,19,3,3,3,15.7894736842105,19,1.43161994737605,48267.0,1.69256861998546,28891.0
2025-08-05 18:00:00,0.365555555555556,13644,13571,22,99.6256056379386,56.0,55.0,100.0,12220,182,1.48936170212766,54.0,2,3.7037037037037,3,3,3,1,33.3333333333333,3,0.48159875618589,52741.0,0.388816336222249,33692.0
2025-08-05 19:00:00,0.611111111111111,12361,12217,24,99.0273162032909,66.0,65.0,98.4848484848485,11047,178,1.61129718475604,63.0,2,3.17460317460317,7,5,5,2,28.5714285714286,7,1.21486395940201,91039.0,0.25364996305099,50069.0
2025-08-05 20:00:00,0.239166666666667,13132,12977,11,98.9025226735767,52.0,52.0,100.0,11344,126,1.11071932299013,52.0,0,0.0,5,2,2,1,20.0,5,0.417687680997995,35912.0,0.936624051411773,14627.0
2025-08-05 21:00:00,0.233611111111111,12008,11824,10,98.5497582930488,49.0,49.0,100.0,10318,93,0.901337468501648,45.0,0,0.0,7,3,3,3,42.8571428571429,7,0.167388735722726,30468.0,0.0792236086353733,20196.0
2025-08-05 22:00:00,0.0519444444444445,11625,11507,13,99.0957630037892,21.0,21.0,100.0,10183,65,0.638318766571737,21.0,0,0.0,3,3,3,1,33.3333333333333,3,0.341854934601665,6728.0,0.426287744227353,5630.0
2025-08-05 23:00:00,0.0661111111111111,9879,9817,14,99.5134313228586,17.0,17.0,100.0,8787,33,0.375554796858996,17.0,0,0.0,23,1,1,0,0.0,23,0.192328240196602,9359.0,0.532504992234302,4507.0
2025-08-06 00:00:00,0.0236111111111111,9417,9290,8,98.73525348071,6.0,6.0,100.0,8206,41,0.499634413843529,6.0,0,0.0,0,0,0,0,100.0,0,0.235109717868339,3828.0,,666.0
2025-08-06 01:00:00,0.08,8323,8149,15,98.0861819932595,12.0,12.0,100.0,7001,60,0.857020425653478,12.0,0,0.0,0,0,0,0,100.0,0,0.0362647325475975,11030.0,,3642.0
2025-08-06 02:00:00,0.0202777777777778,8216,8160,13,99.4758015360234,10.0,10.0,100.0,6794,27,0.397409478952016,6.0,0,0.0,4,4,4,4,100.0,4,0.245941957697983,2033.0,,471.0
2025-08-06 03:00:00,0.0,7966,7944,7,99.8115341123257,1.0,1.0,100.0,6695,10,0.149365197908887,1.0,0,0.0,0,0,0,0,100.0,0,,,,
2025-08-06 04:00:00,0.00361111111111111,8060,8047,7,99.9254936048678,4.0,4.0,100.0,6833,21,0.307332064978779,2.0,0,0.0,2,2,2,2,100.0,2,0.970873786407767,309.0,,17.0
2025-08-06 05:00:00,0.00472222222222222,8438,8422,9,99.9169533752521,2.0,2.0,100.0,7306,23,0.314809745414728,1.0,0,0.0,1,1,1,1,100.0,1,1.94552529182879,514.0,,318.0
2025-08-06 06:00:00,0.0605555555555556,9724,9693,14,99.8249227600412,12.0,12.0,100.0,8331,30,0.360100828231905,10.0,0,0.0,3,3,3,2,66.6666666666667,3,4.51584889274859,9212.0,0.0954380606986066,5239.0
2025-08-06 07:00:00,0.0936111111111111,12139,12117,11,99.9093007915567,18.0,18.0,100.0,10641,54,0.507471102340006,17.0,0,0.0,2,2,2,1,50.0,2,1.01908467667223,10794.0,0.425726014900411,6577.0
2025-08-06 08:00:00,0.241666666666667,12725,12685,11,99.7719049866289,40.0,40.0,100.0,11324,65,0.574002119392441,35.0,0,0.0,7,7,7,5,71.4285714285714,7,1.21425650382208,31789.0,0.586997994423519,20443.0
2025-08-06 09:00:00,0.385277777777778,12408,12386,7,99.8790420127409,61.0,60.0,100.0,11103,87,0.783572007565523,52.0,0,0.0,8,8,8,7,87.5,8,0.641585846744112,46915.0,0.0860841638247856,30203.0
2025-08-06 10:00:00,0.521944444444444,12451,12422,6,99.8151868220169,66.0,66.0,100.0,11193,88,0.786205664254445,62.0,1,1.61290322580645,10,10,10,5,50.0,10,0.219526285384171,69240.0,0.00859069627593317,46562.0
2025-08-06 11:00:00,0.882222222222222,13084,13043,16,99.8086929905112,69.0,69.0,100.0,11704,96,0.820232399179768,66.0,0,0.0,8,6,6,4,50.0,8,0.610576425540722,115956.0,0.313352758891818,86484.0
2025-08-06 12:00:00,0.15,12864,12826,14,99.8132295719844,32.0,32.0,100.0,11543,56,0.485142510612492,32.0,0,0.0,4,0,0,0,,4,1.75024690003292,18226.0,0.025062656641604,11970.0
2025-08-06 13:00:00,0.0941666666666667,14063,14028,18,99.8789604841581,17.0,17.0,100.0,12592,58,0.460609911054638,15.0,0,0.0,3,3,3,2,66.6666666666667,3,0.41407867494824,13041.0,,7680.0
2025-08-06 14:00:00,0.361944444444444,13838,13803,20,99.8914459400782,47.0,47.0,100.0,12359,67,0.542115057852577,46.0,0,0.0,2,2,2,1,50.0,2,0.10645181489908,47909.0,0.0534319769831484,24330.0
2025-08-06 15:00:00,0.619444444444445,14417,14381,18,99.8749913188416,70.0,70.0,100.0,12877,78,0.605731148559447,67.0,0,0.0,7,2,2,2,28.5714285714286,7,0.260106348901275,78045.0,0.0954890951453344,52362.0
2025-08-06 16:00:00,1.35444444444444,14989,14945,16,99.8129967274427,73.0,73.0,100.0,13180,117,0.887708649468892,69.0,0,0.0,16,2,2,2,12.5,16,0.449250843863072,123539.0,0.0529884667290385,120781.0
2025-08-06 17:00:00,0.758611111111111,14902,14846,23,99.7782109012702,80.0,77.0,96.25,13393,157,1.17225416262227,76.0,1,1.31578947368421,46,2,2,1,2.17391304347826,46,0.189491311309253,68077.0,0.414241579209238,86423.0
2025-08-06 18:00:00,0.449444444444444,13912,13868,17,99.8056854983807,70.0,69.0,100.0,12271,110,0.896422459457257,58.0,0,0.0,13,13,13,11,84.6153846153846,13,0.23081912174278,52422.0,0.0608386372145264,42736.0
2025-08-06 19:00:00,0.845555555555556,13265,13230,21,99.8942917547569,78.0,78.0,100.0,11648,80,0.686813186813187,74.0,0,0.0,7,5,5,2,28.5714285714286,7,0.269830836821531,86721.0,0.146057072721694,81475.0
2025-08-06 20:00:00,0.288333333333333,11930,11891,13,99.7818242846354,48.0,47.0,97.9166666666667,10630,93,0.874882408278457,47.0,0,0.0,7,3,3,2,28.5714285714286,7,2.71143338259047,29099.0,2.70768269831355,32020.0
2025-08-06 21:00:00,0.195277777777778,11819,11774,17,99.7627520759193,49.0,49.0,100.0,10599,116,1.09444287196905,50.0,4,8.0,6,2,2,0,0.0,6,2.70157938487116,26466.0,3.62889983579639,12180.0
2025-08-06 22:00:00,0.173055555555556,10452,10388,8,99.4638069705094,33.0,32.0,96.969696969697,9243,153,1.65530671859786,34.0,6,17.6470588235294,0,0,0,0,100.0,0,0.641773628938156,25710.0,0.927060578613671,18769.0
2025-08-06 23:00:00,0.0858333333333333,10354,10275,7,99.3041461293129,20.0,20.0,100.0,9254,114,1.23189971904041,19.0,0,0.0,10,1,1,1,10.0,10,2.41735267215471,7653.0,0.185931205453982,3227.0
2025-08-07 00:00:00,0.136388888888889,9170,9114,14,99.5412844036697,18.0,18.0,100.0,8132,125,1.5371372356124,18.0,0,0.0,0,0,0,0,100.0,0,2.00378265092266,19563.0,2.02589105581708,11896.0
2025-08-07 01:00:00,0.0358333333333333,8596,8578,11,99.9184624344787,4.0,4.0,100.0,7767,28,0.360499549375563,4.0,0,0.0,0,0,0,0,100.0,0,0.05372011818426,3723.0,,4025.0
2025-08-07 02:00:00,0.0116666666666667,7964,7957,3,99.9497550558975,4.0,4.0,100.0,7245,11,0.151828847481021,4.0,0,0.0,0,0,0,0,100.0,0,,1164.0,,320.0
2025-08-07 03:00:00,0.0,7295,7287,4,99.945137841174,,,100.0,6613,17,0.25706940874036,,0,0.0,0,0,0,0,100.0,0,,,,
2025-08-07 04:00:00,0.00638888888888889,7178,7168,4,99.9163646501255,1.0,1.0,100.0,6495,9,0.138568129330254,1.0,0,0.0,0,0,0,0,100.0,0,,360.0,,875.0
2025-08-07 05:00:00,0.0230555555555556,7600,7589,8,99.9604847207587,4.0,4.0,100.0,7015,15,0.213827512473272,4.0,0,0.0,0,0,0,0,100.0,0,,3352.0,,721.0
2025-08-07 06:00:00,0.103333333333333,9415,9400,11,99.9574649085496,22.0,22.0,100.0,8430,23,0.272835112692764,22.0,0,0.0,3,3,3,0,0.0,3,0.336215177713737,16656.0,,6558.0
2025-08-07 07:00:00,0.165555555555556,11871,11839,21,99.9071729957806,24.0,24.0,100.0,10825,43,0.397228637413395,24.0,0,0.0,0,0,0,0,100.0,0,0.803691025450216,20157.0,0.290322580645161,12400.0
2025-08-07 08:00:00,0.578611111111111,13516,13483,14,99.8592801066509,26.0,26.0,100.0,12344,73,0.591380427738173,21.0,0,0.0,1,1,1,1,100.0,1,0.399994326321612,70501.0,0.306816665925564,67467.0
2025-08-07 09:00:00,0.709444444444444,13679,13637,15,99.8024004683841,55.0,55.0,100.0,12541,103,0.821306115939718,54.0,0,0.0,4,4,4,4,100.0,4,0.806308701045543,90288.0,0.0953787459233278,65004.0
2025-08-07 10:00:00,0.298611111111111,13336,13294,21,99.8422831393166,65.0,65.0,100.0,12049,65,0.539463855921653,56.0,0,0.0,16,16,16,10,62.5,16,0.231338679827267,38904.0,0.110761755037873,27988.0
2025-08-07 11:00:00,0.318333333333333,13267,13235,19,99.9018719806763,42.0,42.0,100.0,12133,78,0.642874804252864,40.0,1,2.5,9,9,9,4,44.4444444444444,9,0.448818718246645,43893.0,0.152698863636364,28160.0
2025-08-07 12:00:00,0.164722222222222,14005,13967,18,99.8570100807893,11.0,11.0,100.0,12483,78,0.624849795722182,10.0,0,0.0,1,1,1,1,100.0,1,0.128891532817767,20172.0,,18202.0
2025-08-07 13:00:00,0.131111111111111,13065,13031,22,99.907996626543,35.0,35.0,100.0,11544,84,0.727650727650728,34.0,0,0.0,14,1,1,1,7.14285714285714,14,0.23484608060933,15755.0,0.0435287289611143,13784.0
2025-08-07 14:00:00,0.243055555555556,13670,13633,13,99.8242659442044,32.0,31.0,100.0,12133,118,0.972554191049205,31.0,0,0.0,10,3,3,0,0.0,10,0.226478400671047,35765.0,0.00930882010705143,21485.0
2025-08-07 15:00:00,0.591666666666667,14735,14696,11,99.8098342841619,46.0,46.0,100.0,13289,140,1.05350289713297,45.0,2,4.44444444444444,4,4,4,0,0.0,4,0.334881473917674,91077.0,0.0543740937651039,49656.0
2025-08-07 16:00:00,0.948611111111111,15561,15476,11,99.524115755627,69.0,69.0,100.0,13745,133,0.967624590760277,69.0,0,0.0,3,3,3,3,100.0,3,0.253525707358898,135292.0,0.0389483933787731,92430.0
2025-08-07 17:00:00,0.316666666666667,14764,14666,35,99.5722723878064,46.0,46.0,100.0,13026,160,1.22831260555811,46.0,1,2.17391304347826,6,2,2,0,0.0,6,1.38519503546099,45120.0,0.192556688024966,30121.0
2025-08-07 18:00:00,0.3475,13978,13897,19,99.5558421090336,56.0,55.0,98.2142857142857,12352,212,1.71632124352332,52.0,2,3.84615384615385,3,3,3,3,100.0,3,0.468984084938229,46057.0,0.619939699854331,29519.0
2025-08-07 19:00:00,0.550833333333333,13649,13575,25,99.6403405754551,46.0,46.0,100.0,12033,154,1.27981384525887,44.0,0,0.0,4,3,3,2,50.0,4,0.431152307348227,80482.0,2.36379634253644,42051.0
2025-08-07 20:00:00,0.226111111111111,12483,12369,25,99.2855996147054,40.0,39.0,97.5,10833,238,2.1969906766362,38.0,1,2.63157894736842,2,2,2,1,50.0,2,2.71174094430832,30202.0,1.68410922651269,16626.0
2025-08-07 21:00:00,0.465555555555556,11452,11375,34,99.623401646523,60.0,60.0,100.0,9942,187,1.88090927378797,58.0,1,1.72413793103448,22,4,4,2,9.09090909090909,22,2.45369877998754,65819.0,1.33884811246324,41827.0
2025-08-07 22:00:00,0.296944444444444,11505,11470,11,99.7911954062989,31.0,31.0,100.0,9948,85,0.854443104141536,27.0,1,3.7037037037037,11,2,2,2,18.1818181818182,11,2.84012612402196,42815.0,0.215247338760175,25552.0
2025-08-07 23:00:00,0.116666666666667,10571,10499,24,99.5448942827344,17.0,17.0,100.0,9344,175,1.8728595890411,17.0,1,5.88235294117647,4,2,2,1,25.0,4,0.296349837368992,13835.0,0.583550193202429,12681.0
2025-08-08 00:00:00,0.0444444444444444,9117,9094,8,99.8353276978812,13.0,13.0,100.0,7916,70,0.884284992420414,12.0,0,0.0,2,2,2,1,50.0,2,0.11400651465798,6140.0,0.345781466113416,4338.0
2025-08-08 01:00:00,0.0688888888888889,9020,9002,4,99.8447204968944,14.0,14.0,100.0,7929,39,0.491865304578131,14.0,0,0.0,4,0,0,0,,4,0.237786424556853,9252.0,0.480769230769231,7696.0
2025-08-08 02:00:00,0.176666666666667,8459,8451,4,99.9526907155529,6.0,6.0,100.0,7478,24,0.320941428189355,5.0,0,0.0,0,0,0,0,100.0,0,0.00524301368426572,19073.0,0.0379968082681055,26318.0
2025-08-08 03:00:00,0.286666666666667,7683,7677,2,99.9479234474678,6.0,6.0,100.0,6800,10,0.147058823529412,7.0,0,0.0,0,0,0,0,100.0,0,0.178935802856694,31855.0,0.0116184500987568,34428.0
2025-08-08 04:00:00,0.0258333333333333,7616,7609,5,99.9737222441204,6.0,6.0,100.0,6652,14,0.21046301864101,6.0,0,0.0,0,0,0,0,100.0,0,0.196353436185133,3565.0,0.675675675675676,1332.0
2025-08-08 05:00:00,0.0,8248,8233,4,99.8665696263949,,,100.0,7119,26,0.365219834246383,,0,0.0,0,0,0,0,100.0,0,,,,
2025-08-08 06:00:00,0.0386111111111111,9558,9539,8,99.8848167539267,13.0,13.0,100.0,8449,35,0.414250207125104,13.0,0,0.0,0,0,0,0,100.0,0,0.652090525508247,5214.0,,1352.0
2025-08-08 07:00:00,0.308611111111111,11243,11221,10,99.8931719042108,30.0,30.0,100.0,10173,37,0.363707854123661,27.0,0,0.0,3,3,3,3,100.0,3,0.252834189707202,49044.0,0.0652379554424764,30657.0
2025-08-08 08:00:00,0.206944444444444,12924,12877,15,99.7521109303587,32.0,32.0,100.0,11662,49,0.420168067226891,29.0,0,0.0,2,2,2,2,100.0,2,0.911561349798769,29071.0,0.288710817817582,16972.0
2025-08-08 09:00:00,0.711111111111111,13046,12999,11,99.7238204833142,79.0,79.0,100.0,12065,53,0.439287194363862,75.0,0,0.0,8,8,8,4,50.0,8,0.358326614709308,89304.0,0.129118368175949,68929.0
2025-08-08 10:00:00,0.763333333333333,13697,13651,18,99.7953066744645,68.0,68.0,100.0,12455,78,0.626254516258531,68.0,0,0.0,2,2,2,1,50.0,2,0.143423519408276,97613.0,0.0574267475092818,74878.0
2025-08-08 11:00:00,0.328055555555556,13403,13361,17,99.8132377110414,60.0,60.0,100.0,11849,74,0.624525276394632,58.0,0,0.0,4,4,4,2,50.0,4,0.127156731633526,45613.0,0.578336479376682,24899.0
2025-08-08 12:00:00,0.101111111111111,14190,14150,23,99.880002823463,31.0,31.0,100.0,12737,82,0.643793671979273,30.0,0,0.0,3,1,1,1,33.3333333333333,3,0.45097369320123,14635.0,0.0970702435580657,11332.0
2025-08-08 13:00:00,0.411666666666667,13659,13621,14,99.8241113961158,52.0,52.0,100.0,12374,147,1.18797478584128,48.0,1,2.08333333333333,3,3,3,2,66.6666666666667,3,2.51758762499217,47903.0,0.830035372815466,28553.0
2025-08-08 14:00:00,0.606111111111111,13738,13705,16,99.87611135403,60.0,60.0,100.0,12551,92,0.733009321966377,61.0,2,3.27868852459016,96,1,1,1,1.04166666666667,96,0.411811972679791,69692.0,0.0822648929553161,49839.0
2025-08-08 15:00:00,0.756944444444444,14644,14516,15,99.2275616925285,109.0,109.0,100.0,13069,168,1.28548473486877,105.0,4,3.80952380952381,18,2,2,2,11.1111111111111,18,1.18103676405728,102029.0,0.103734439834025,64588.0
2025-08-08 16:00:00,0.968611111111111,14712,14625,19,99.5371945824542,102.0,102.0,100.0,13039,187,1.43415906127771,99.0,1,1.01010101010101,13,5,5,3,23.0769230769231,13,0.286616295980987,140955.0,0.102132527167252,97912.0
2025-08-08 17:00:00,0.573611111111111,15249,15157,32,99.6057041466781,89.0,89.0,100.0,13607,162,1.19056368045859,87.0,0,0.0,4,3,3,3,75.0,4,0.591482050268372,65767.0,0.390442643126936,47126.0
2025-08-08 18:00:00,1.47083333333333,15337,15261,26,99.6734373979492,65.0,64.0,98.4615384615385,13416,184,1.37149672033393,62.0,0,0.0,2,2,2,1,50.0,2,0.3754010919488,143047.0,0.43818925214615,122778.0
2025-08-08 19:00:00,1.08111111111111,13212,13133,12,99.4924242424243,61.0,61.0,100.0,11813,174,1.47295352577669,61.0,1,1.63934426229508,131,2,2,0,0.0,131,1.81044801641587,140352.0,0.340257673098882,86699.0
2025-08-08 20:00:00,0.398611111111111,12138,12047,24,99.4469209179462,65.0,65.0,100.0,10717,203,1.89418680600914,63.0,8,12.6984126984127,3,3,3,1,33.3333333333333,3,6.56184596985526,56859.0,5.86555360281195,27312.0
2025-08-08 21:00:00,0.620277777777778,12101,12017,22,99.4867124761984,54.0,52.0,96.2962962962963,10760,229,2.12825278810409,52.0,4,7.69230769230769,7,4,4,0,0.0,7,2.20961064334558,85988.0,3.81470812505295,47212.0
2025-08-08 22:00:00,0.283888888888889,11943,11878,13,99.5641240569992,33.0,33.0,100.0,10458,117,1.11876075731497,31.0,1,3.2258064516129,7,1,1,1,14.2857142857143,7,3.52578511335174,46713.0,3.2150936131299,20777.0
2025-08-08 23:00:00,0.213888888888889,9796,9765,17,99.8568360773085,20.0,20.0,100.0,8487,51,0.600919052668788,20.0,0,0.0,2,0,0,0,,2,0.600122058723808,29494.0,0.992032896427654,19455.0
2025-08-09 00:00:00,0.0455555555555556,8249,8230,6,99.8422904282422,12.0,12.0,100.0,7555,20,0.264725347452019,12.0,0,0.0,1,0,0,0,,1,0.117980179329873,4238.0,,2743.0
2025-08-09 01:00:00,0.221666666666667,8027,8012,6,99.8877945393343,27.0,27.0,100.0,7248,25,0.344922737306843,27.0,0,0.0,1,1,1,0,0.0,1,0.013536684414764,22162.0,,25626.0
2025-08-09 02:00:00,0.0705555555555556,7200,7191,1,99.8888734546465,15.0,15.0,100.0,6345,28,0.441292356185973,15.0,0,0.0,0,0,0,0,100.0,0,0.12924071082391,6190.0,0.161364684186261,4338.0
2025-08-09 03:00:00,0.0477777777777778,7226,7210,1,99.7923875432526,10.0,10.0,100.0,6533,24,0.367365681922547,10.0,0,0.0,0,0,0,0,100.0,0,0.107573149741824,4648.0,,2505.0
2025-08-09 04:00:00,0.0213888888888889,7215,7208,5,99.9722607489598,7.0,7.0,100.0,6362,24,0.377239861678717,7.0,0,0.0,0,0,0,0,100.0,0,0.116076610562972,1723.0,0.447761194029851,670.0
2025-08-09 05:00:00,0.0305555555555556,7683,7672,7,99.9478895257947,9.0,9.0,100.0,6848,18,0.26285046728972,9.0,0,0.0,0,0,0,0,100.0,0,0.0629326620516048,3178.0,,1489.0
2025-08-09 06:00:00,0.108055555555556,8748,8728,8,99.8627002288329,20.0,20.0,100.0,8022,25,0.31164298180005,19.0,0,0.0,1,1,1,1,100.0,1,0.10707519973643,12141.0,0.0299132515704457,6686.0
2025-08-09 07:00:00,0.114166666666667,10768,10744,11,99.879148461467,22.0,22.0,100.0,10071,38,0.377321020752656,22.0,0,0.0,0,0,0,0,100.0,0,0.236593059936909,12680.0,0.0446096654275093,6725.0
2025-08-09 08:00:00,0.331944444444444,11736,11713,12,99.906175366769,71.0,71.0,100.0,10697,46,0.430027110404786,67.0,0,0.0,7,7,7,4,57.1428571428571,7,0.475139996606143,41251.0,0.0698096523479313,21487.0
2025-08-09 09:00:00,0.254444444444444,12449,12421,17,99.9115186615187,59.0,59.0,100.0,11117,69,0.620671044346496,57.0,0,0.0,1,1,1,0,0.0,1,0.371714570040391,34166.0,0.108030248469571,24993.0
2025-08-09 10:00:00,0.626944444444444,11524,11495,7,99.8089780324737,92.0,92.0,100.0,10398,54,0.51933064050779,86.0,0,0.0,15,15,15,6,40.0,15,0.593746061531137,71411.0,0.212298127227235,39567.0
2025-08-09 11:00:00,0.191111111111111,11949,11916,23,99.916149589133,37.0,37.0,100.0,10606,41,0.386573637563643,38.0,1,2.63157894736842,1,1,1,1,100.0,1,1.95318380249887,26572.0,0.566017774016081,18904.0
2025-08-09 12:00:00,0.183055555555556,11484,11456,13,99.8692354633423,41.0,41.0,100.0,10245,68,0.66373840897999,38.0,0,0.0,9,5,5,2,22.2222222222222,9,0.393269954175501,29242.0,0.0403090359422237,14885.0
2025-08-09 13:00:00,0.154166666666667,11665,11638,17,99.9141483516484,31.0,31.0,100.0,10381,52,0.500915133416819,32.0,0,0.0,1,1,1,0,0.0,1,0.426546805485484,21803.0,,7009.0
2025-08-09 14:00:00,0.202777777777778,11975,11935,10,99.7492687003761,33.0,33.0,100.0,10803,88,0.814588540220309,29.0,0,0.0,5,5,5,4,80.0,5,1.37947477775129,29359.0,3.44619561119071,13261.0
2025-08-09 15:00:00,0.695833333333333,11623,11584,17,99.8104428743753,43.0,43.0,100.0,10522,115,1.09294810872458,42.0,0,0.0,3,0,0,0,,3,0.112128381853719,97210.0,0.031658751978672,60015.0
2025-08-09 16:00:00,0.652222222222222,12688,12658,10,99.8422464111058,50.0,50.0,100.0,11449,112,0.978251375665997,48.0,0,0.0,38,4,4,3,7.89473684210526,38,0.146875660940474,85106.0,0.155657823497564,59104.0
2025-08-09 17:00:00,0.193333333333333,13487,13415,13,99.562119637821,44.0,44.0,100.0,12107,137,1.13157677376724,42.0,0,0.0,4,4,4,2,50.0,4,1.23416843856892,21634.0,5.35478448793373,8329.0
2025-08-09 18:00:00,0.341666666666667,13686,13626,19,99.7000073168947,42.0,42.0,100.0,12203,168,1.37671064492338,40.0,3,7.5,5,2,2,0,0.0,5,1.86591451507919,41481.0,2.56749103266,21188.0
2025-08-09 19:00:00,0.495277777777778,13563,13508,15,99.7047534691467,80.0,79.0,98.75,12267,126,1.02714600146735,77.0,4,5.19480519480519,2,2,2,1,50.0,2,1.37023448715904,62690.0,1.8111254851229,32466.0
2025-08-09 20:00:00,0.454166666666667,13960,13903,26,99.7775226065739,55.0,55.0,100.0,12508,116,0.927406459865686,57.0,0,0.0,1,1,1,0,0.0,1,0.766805350846098,53599.0,0.977267339251376,37963.0
2025-08-09 21:00:00,0.422777777777778,13194,13128,24,99.6810933940775,50.0,50.0,100.0,11887,128,1.0768065954404,49.0,1,2.04081632653061,2,0,0,0,,2,0.933350577685808,46392.0,2.16389888901792,25833.0
2025-08-09 22:00:00,0.105,12387,12341,19,99.7816946959897,24.0,24.0,100.0,11030,136,1.23300090661831,25.0,0,0.0,1,0,0,0,,1,1.94977382623616,12822.0,1.59209761766415,8605.0
2025-08-09 23:00:00,0.0611111111111111,11004,10988,5,99.8999909082644,18.0,18.0,100.0,10096,47,0.465530903328051,18.0,0,0.0,1,1,1,0,0.0,1,7.04688785302989,7294.0,0.0245700245700246,4070.0
2025-08-10 00:00:00,0.0688888888888889,9850,9830,10,99.8983739837398,11.0,11.0,100.0,9098,50,0.5495713343592,9.0,2,22.2222222222222,2,2,2,2,100.0,2,11.1558830301635,8686.0,0.0862068965517241,3480.0
2025-08-10 01:00:00,0.0422222222222222,9063,9056,3,99.9558498896247,8.0,8.0,100.0,8402,27,0.321352059033563,8.0,1,12.5,0,0,0,0,100.0,0,6.09779855834795,5133.0,,2839.0
2025-08-10 02:00:00,0.0263888888888889,8680,8675,3,99.9769505589489,6.0,6.0,100.0,8018,22,0.27438263906211,5.0,1,20.0,0,0,0,0,100.0,0,25.1242657026661,2213.0,,528.0
2025-08-10 03:00:00,0.0775,8727,8721,3,99.9656121045392,7.0,7.0,100.0,7898,27,0.341858698404659,8.0,2,25.0,0,0,0,0,100.0,0,22.5192894311861,5573.0,,1583.0
2025-08-10 04:00:00,0.0805555555555556,8816,8797,11,99.9091425326519,7.0,7.0,100.0,7974,15,0.18811136192626,7.0,1,14.2857142857143,0,0,0,0,100.0,0,14.7285494091454,5839.0,,1852.0
2025-08-10 05:00:00,0.0341666666666667,9246,9236,10,100.0,6.0,6.0,100.0,8525,22,0.258064516129032,6.0,2,33.3333333333333,0,0,0,0,100.0,0,32.5679172056921,3092.0,,844.0
2025-08-10 06:00:00,0.134722222222222,10540,10526,9,99.952521128098,14.0,14.0,100.0,9438,38,0.402627675354948,14.0,1,7.14285714285714,2,0,0,0,,2,3.85056008146639,15712.0,0.678281686394467,7519.0
2025-08-10 07:00:00,0.131111111111111,11807,11796,7,99.9661016949153,17.0,17.0,100.0,10819,41,0.378962935576301,16.0,1,6.25,0,0,0,0,100.0,0,5.99744011702322,10938.0,0.280741156653565,5343.0
2025-08-10 08:00:00,0.218333333333333,12152,12116,15,99.8269753645876,32.0,32.0,100.0,11144,45,0.403804737975592,33.0,0,0.0,63,0,0,0,,63,2.2691019301324,25076.0,0.326601346397387,15003.0
2025-08-10 09:00:00,0.28,12061,12034,10,99.8589328686416,46.0,46.0,100.0,11072,73,0.659320809248555,45.0,0,0.0,5,3,3,2,40.0,5,2.90862701323553,31355.0,0.082277439526082,18231.0
2025-08-10 10:00:00,0.445555555555556,12713,12693,14,99.9527521852114,63.0,63.0,100.0,11554,58,0.501990652587848,64.0,0,0.0,4,4,4,1,25.0,4,0.964005571439044,54564.0,0.0550155877498625,32718.0
2025-08-10 11:00:00,0.348888888888889,12532,12503,9,99.8402938592989,61.0,60.0,100.0,11199,57,0.508974015537102,56.0,1,1.78571428571429,24,6,6,3,12.5,24,2.26853201204702,41172.0,0.39122005262429,28884.0
2025-08-10 12:00:00,0.231388888888889,10662,10619,13,99.7182834068927,19.0,19.0,100.0,9402,58,0.616890023399277,20.0,0,0.0,3,3,3,1,33.3333333333333,3,2.25328796100432,21746.0,0.0569746462824043,21062.0
2025-08-10 13:00:00,0.129166666666667,10731,10720,5,99.9440611597986,23.0,23.0,100.0,9697,43,0.443436114262143,21.0,0,0.0,3,1,1,1,33.3333333333333,3,1.71056946114329,18298.0,0.00829393713195654,12057.0
2025-08-10 14:00:00,0.393611111111111,12028,11999,15,99.8834595854491,38.0,38.0,100.0,10811,81,0.749236888354454,37.0,1,2.7027027027027,3,1,1,1,33.3333333333333,3,0.845804938974955,45637.0,0.0198644252973456,40273.0
2025-08-10 15:00:00,0.276111111111111,12944,12915,13,99.8762663367102,48.0,47.0,100.0,11693,62,0.530231762593004,45.0,2,4.44444444444444,4,4,4,2,50.0,4,2.15375509667237,30412.0,0.0260937635905019,22994.0
2025-08-10 16:00:00,0.185277777777778,12756,12727,13,99.874440869497,37.0,37.0,100.0,11581,85,0.733960797858561,34.0,0,0.0,1,1,1,1,100.0,1,1.38983186229482,25039.0,0.0923117499670315,15166.0
2025-08-10 17:00:00,0.450277777777778,13047,13008,11,99.785210187174,58.0,58.0,100.0,11871,59,0.497009518995872,60.0,0,0.0,3,3,3,0,0.0,3,0.804692249919531,55922.0,0.0531490831783152,30104.0
2025-08-10 18:00:00,0.352222222222222,13710,13681,15,99.8977729098211,52.0,52.0,100.0,12381,94,0.759227849123657,46.0,0,0.0,7,7,7,6,85.7142857142857,7,0.854972171079085,47253.0,0.0455939650169941,24126.0
2025-08-10 19:00:00,0.384444444444444,13752,13723,12,99.8762736535662,40.0,40.0,100.0,12611,103,0.816747284117041,35.0,0,0.0,48,8,8,5,10.4166666666667,48,0.713877257383188,54211.0,0.218098183836942,25218.0
2025-08-10 20:00:00,0.103611111111111,13771,13740,20,99.9200058177587,31.0,31.0,100.0,12439,71,0.570785432912614,30.0,1,3.33333333333333,12,4,4,2,16.6666666666667,12,2.80071566198734,14532.0,0.755374782103428,6884.0
2025-08-10 21:00:00,0.250555555555556,13346,13302,30,99.894863322319,43.0,43.0,100.0,12163,58,0.476856038806216,44.0,1,2.27272727272727,1,1,1,0,0.0,1,1.11589213998853,34860.0,0.136382233940992,21997.0
2025-08-10 22:00:00,0.0358333333333333,12165,12143,9,99.8930569266206,21.0,14.0,93.3333333333333,10962,46,0.419631454114213,14.0,0,0.0,3,0,0,0,,3,2.92768188769937,4577.0,,3266.0
2025-08-10 23:00:00,0.0572222222222222,10670,10649,8,99.8780716563497,15.0,14.0,93.3333333333333,9801,58,0.591776349352107,13.0,0,0.0,2,2,2,1,50.0,2,0.259773996622938,7699.0,0.111632060727841,4479.0
2025-08-11 00:00:00,0.00916666666666667,9877,9868,4,99.9493568317634,4.0,4.0,100.0,9063,47,0.518592077678473,3.0,0,0.0,1,1,1,1,100.0,1,0.687285223367698,1455.0,0.18796992481203,532.0
2025-08-11 01:00:00,0.00166666666666667,9560,9547,7,99.9371925049723,2.0,2.0,100.0,8755,33,0.376927470017133,2.0,0,0.0,0,0,0,0,100.0,0,36.1516034985423,343.0,,9.0
2025-08-11 02:00:00,0.0169444444444444,9243,9232,5,99.9350508768132,3.0,3.0,100.0,8643,29,0.335531644105056,3.0,1,33.3333333333333,0,0,0,0,100.0,0,37.6425855513308,1315.0,,250.0
2025-08-11 03:00:00,0.00388888888888889,9232,9226,4,99.9783268313828,12.0,4.0,66.6666666666667,8694,25,0.287554635380722,4.0,0,0.0,0,0,0,0,100.0,0,32.20675944334,503.0,,26.0
2025-08-11 04:00:00,0.0111111111111111,9003,8999,2,99.9777802466393,2.0,2.0,100.0,8261,32,0.387362304805714,2.0,1,50.0,0,0,0,0,100.0,0,42.3255813953488,1290.0,,125.0
2025-08-11 05:00:00,0.00388888888888889,9615,9605,4,99.9375715326189,4.0,2.0,50.0,8838,23,0.260239873274497,2.0,0,0.0,0,0,0,0,100.0,0,,709.0,,234.0
2025-08-11 06:00:00,0.169166666666667,11912,11885,12,99.8739495798319,18.0,18.0,100.0,10860,43,0.395948434622468,18.0,1,5.55555555555556,1,1,1,0,0.0,1,3.69715479826395,18663.0,0.0112796796570977,17731.0
2025-08-11 07:00:00,0.241944444444444,13641,13608,7,99.809300278715,49.0,41.0,95.3488372093023,12450,64,0.514056224899598,38.0,0,0.0,4,4,4,3,75.0,4,0.303398058252427,31312.0,0.062996094242157,15874.0
2025-08-11 08:00:00,0.133611111111111,14179,14146,7,99.816539655659,28.0,28.0,100.0,12916,67,0.518736450913596,26.0,1,3.84615384615385,3,3,3,2,66.6666666666667,3,2.37644701691897,17968.0,0.241715399610136,12825.0
2025-08-11 09:00:00,0.523055555555556,14253,14225,11,99.8806347423115,64.0,64.0,100.0,12978,96,0.739713361072584,62.0,0,0.0,3,3,3,2,66.6666666666667,3,0.469501936695489,76677.0,0.0836767566889107,47803.0
2025-08-11 10:00:00,0.977222222222222,14147,14127,8,99.9151283683429,83.0,83.0,100.0,12976,89,0.685881627620222,80.0,0,0.0,8,5,5,3,37.5,8,0.139508679049552,111821.0,0.085174397207121,95099.0
2025-08-11 11:00:00,0.4325,13015,12994,10,99.9154171472511,56.0,56.0,100.0,11771,77,0.654150029734092,51.0,0,0.0,9,5,5,4,44.4444444444444,9,1.59802451715319,56695.0,0.141026866813271,41836.0
2025-08-11 12:00:00,0.238611111111111,12323,12301,11,99.9106562703054,34.0,34.0,100.0,10911,51,0.467418201814682,33.0,0,0.0,2,2,2,2,100.0,2,0.445506198347107,30976.0,0.112950171597376,23019.0
2025-08-11 13:00:00,0.338888888888889,12752,12717,14,99.8351389543099,38.0,38.0,100.0,11526,63,0.546590317542946,34.0,0,0.0,5,5,5,4,80.0,5,0.107563025210084,44625.0,0.0173998782008526,34483.0
2025-08-11 14:00:00,1.15472222222222,14213,14195,13,99.9647887323944,60.0,60.0,100.0,12776,48,0.375704445835942,55.0,1,1.81818181818182,132,5,5,2,1.51515151515152,132,0.15168292201981,131854.0,0.148528796660663,117149.0
2025-08-11 15:00:00,0.751388888888889,14292,14255,12,99.8249299719888,85.0,85.0,100.0,12793,67,0.523723911514109,85.0,0,0.0,7,7,7,2,28.5714285714286,7,0.301589376011581,99473.0,0.146753631781797,67460.0
2025-08-11 16:00:00,0.758333333333333,14635,14605,18,99.9179038106315,139.0,139.0,100.0,12913,112,0.867342987686827,130.0,2,1.53846153846154,38,11,11,8,21.0526315789474,38,0.285292670929661,101650.0,0.0746884092924829,64267.0
2025-08-11 17:00:00,0.624166666666667,14326,14301,11,99.9022004889976,84.0,84.0,100.0,12723,75,0.589483612355577,83.0,0,0.0,9,3,3,2,22.2222222222222,9,0.239197359969879,90302.0,0.0576402098103637,52047.0
2025-08-11 18:00:00,0.645,14674,14595,15,99.5634081451668,71.0,71.0,100.0,13070,72,0.550879877582249,67.0,1,1.49253731343284,7,7,7,4,57.1428571428571,7,0.499023649381645,82962.0,0.508625230445088,60752.0
2025-08-11 19:00:00,0.595277777777778,12935,12907,12,99.8761897392246,48.0,48.0,100.0,11652,75,0.643666323377961,46.0,0,0.0,8,2,2,1,12.5,8,0.0921938638565043,85689.0,0.0846754987916101,56687.0
2025-08-11 20:00:00,0.613333333333333,13141,13124,12,99.9619163683449,67.0,67.0,100.0,11829,51,0.431143799137712,66.0,1,1.51515151515152,17,1,1,0,0.0,17,0.50439217908756,88225.0,0.186481960724616,52552.0
2025-08-11 21:00:00,0.375,12791,12760,13,99.8591328846455,51.0,51.0,100.0,11348,44,0.387733521325344,51.0,0,0.0,1,1,1,1,100.0,1,0.177425627065915,41144.0,0.0929606359789717,31196.0
2025-08-11 22:00:00,0.218611111111111,11354,11322,9,99.7972675187307,17.0,17.0,100.0,10237,61,0.595877698544495,15.0,0,0.0,1,1,1,1,100.0,1,0.335139537068939,31927.0,0.268790443006471,20090.0
2025-08-11 23:00:00,0.298888888888889,9502,9484,8,99.8946703180956,20.0,20.0,100.0,8443,41,0.485609380551937,21.0,0,0.0,29,0,0,0,,29,0.0988617538609523,37426.0,0.0854274934149641,28094.0
2025-08-12 00:00:00,0.0866666666666667,8022,8013,5,99.9501060246975,14.0,14.0,100.0,7346,11,0.149741355839913,12.0,0,0.0,5,5,5,2,40.0,5,0.0664893617021277,10528.0,0.0365007908504684,8219.0
2025-08-12 01:00:00,0.0388888888888889,7403,7395,4,99.9459386403568,5.0,5.0,100.0,6604,14,0.211992731677771,5.0,0,0.0,0,0,0,0,100.0,0,0.351288056206089,5124.0,,1950.0
2025-08-12 02:00:00,0.00361111111111111,6817,6808,1,99.8826291079812,2.0,2.0,100.0,6210,18,0.289855072463768,2.0,0,0.0,0,0,0,0,100.0,0,,660.0,,123.0
2025-08-12 03:00:00,0.00361111111111111,6389,6381,5,99.953007518797,1.0,1.0,100.0,5762,18,0.312391530718501,1.0,0,0.0,0,0,0,0,100.0,0,,662.0,,339.0
2025-08-12 04:00:00,0.0,6253,6248,2,99.9520076787714,,,100.0,5833,11,0.188582204697411,,0,0.0,0,0,0,0,100.0,0,,,,
2025-08-12 05:00:00,0.00944444444444444,7125,7113,6,99.9157184997893,3.0,3.0,100.0,6420,24,0.373831775700935,3.0,0,0.0,0,0,0,0,100.0,0,0.0899280575539569,1112.0,,836.0
2025-08-12 06:00:00,0.07,9063,9053,2,99.9117095243351,15.0,15.0,100.0,8144,29,0.356090373280943,14.0,0,0.0,3,3,3,1,33.3333333333333,3,0.299014061742363,12374.0,,2409.0
2025-08-12 07:00:00,0.0588888888888889,11013,10989,13,99.9,15.0,14.0,93.3333333333333,10054,59,0.586831111995226,13.0,0,0.0,2,2,2,0,0.0,2,5.02651880424301,8296.0,,4083.0
2025-08-12 08:00:00,0.306666666666667,11912,11886,9,99.8571788624716,51.0,51.0,100.0,10909,70,0.641672013933449,53.0,0,0.0,3,3,3,0,0.0,3,0.215105162523901,37656.0,0.0125418060200669,23920.0
2025-08-12 09:00:00,0.946666666666667,12050,11997,19,99.7173967251268,93.0,93.0,100.0,11137,78,0.700368142228607,88.0,0,0.0,4,4,4,3,75.0,4,0.271143461623653,130927.0,0.141928931366294,76799.0
2025-08-12 10:00:00,0.799722222222222,12219,12191,17,99.9098508441239,65.0,65.0,100.0,11220,69,0.614973262032086,64.0,1,1.5625,8,3,3,1,12.5,8,0.637777123300192,98467.0,0.445255676318482,72318.0
2025-08-12 11:00:00,0.468611111111111,12852,12820,14,99.8597912447422,62.0,62.0,100.0,11608,108,0.93039283252929,57.0,0,0.0,8,8,8,7,87.5,8,0.181958149625586,57156.0,0.162355233250352,36956.0
2025-08-12 12:00:00,0.0822222222222222,12503,12468,18,99.8638366039247,22.0,22.0,100.0,11456,84,0.733240223463687,21.0,0,0.0,3,3,3,1,33.3333333333333,3,0.214762066237143,8847.0,0.0351988736360436,2841.0
2025-08-12 13:00:00,0.123611111111111,12420,12390,15,99.8790810157195,40.0,40.0,100.0,11303,66,0.583915774573122,36.0,0,0.0,5,5,5,4,80.0,5,0.579340710271711,17261.0,0.0194363459669582,10290.0
2025-08-12 14:00:00,0.390555555555556,13228,13194,14,99.8486453761162,44.0,44.0,100.0,12122,81,0.668206566573173,42.0,0,0.0,4,3,3,2,50.0,4,0.200653557300923,34886.0,0.112400669176077,38256.0
2025-08-12 15:00:00,0.875555555555556,13218,13197,9,99.9091528503293,77.0,77.0,100.0,12172,88,0.722970752546829,72.0,2,2.77777777777778,22,4,4,3,13.6363636363636,22,0.148596023775364,117096.0,0.290665314351445,80849.0
2025-08-12 16:00:00,0.900833333333333,16744,16709,16,99.8864179818269,89.0,88.0,100.0,14935,77,0.515567458988952,87.0,0,0.0,30,3,3,2,6.66666666666667,30,0.321657622101628,101350.0,0.132863638025817,82039.0
2025-08-12 17:00:00,0.6125,21763,21723,21,99.9126115352773,101.0,101.0,100.0,18852,122,0.647146191385529,99.0,5,5.05050505050505,24,3,3,3,12.5,24,0.375272143921164,69816.0,0.551612329227545,50579.0
2025-08-12 18:00:00,0.540555555555556,22304,22252,34,99.9191737763808,65.0,65.0,100.0,19671,82,0.416857302628234,62.0,1,1.61290322580645,40,5,5,2,5.0,40,0.270569887826234,53221.0,0.055053677335402,39961.0
2025-08-12 19:00:00,0.469166666666667,21855,21800,29,99.8808760194264,58.0,58.0,100.0,18911,84,0.444185923536566,56.0,0,0.0,13,5,5,1,7.69230769230769,13,0.183479224800275,52322.0,0.0598444045481747,43446.0
2025-08-12 20:00:00,0.49,20520,20463,21,99.824381677155,57.0,57.0,100.0,17860,91,0.509518477043673,57.0,0,0.0,12,2,2,1,8.33333333333333,12,0.259902091677793,56175.0,0.114476012072016,38436.0
2025-08-12 21:00:00,0.66,19569,19530,19,99.8976982097187,50.0,50.0,100.0,16962,96,0.565970993986558,50.0,0,0.0,8,0,0,0,,8,0.107059434207111,61648.0,0.0489294572204694,59269.0
2025-08-12 22:00:00,0.249722222222222,17789,17741,20,99.8424221959593,52.0,52.0,100.0,15629,93,0.595047667797044,52.0,0,0.0,6,1,1,0,0.0,6,0.0573112821352546,24428.0,0.067842605156038,14740.0
2025-08-12 23:00:00,0.727777777777778,15973,15954,6,99.9185820755308,38.0,38.0,100.0,14213,45,0.316611552803771,35.0,1,2.85714285714286,19,1,1,1,5.26315789473684,19,0.214053047929269,85960.0,0.406457302810691,52158.0
